station,valid,vsby,skyl1
AMA,2023-06-01 00:43,10.00,6000.00
AMA,2023-06-01 00:53,10.00,6000.00
AMA,2023-06-01 01:05,10.00,5500.00
AMA,2023-06-01 01:12,10.00,5500.00
AMA,2023-06-01 01:46,10.00,6000.00
AMA,2023-06-01 01:49,10.00,6000.00
AMA,2023-06-01 01:53,10.00,6000.00
AMA,2023-06-01 02:13,4.00,1400.00
AMA,2023-06-01 03:14,6.00,2600.00
AMA,2023-06-01 03:26,5.00,600.00
AMA,2023-06-01 03:53,3.00,1000.00
AMA,2023-06-01 04:01,2.50,1200.00
AMA,2023-06-01 04:08,4.00,1700.00
AMA,2023-06-01 04:32,5.00,5500.00
AMA,2023-06-01 04:53,7.00,7000.00
AMA,2023-06-01 05:39,10.00,10000.00
AMA,2023-06-01 05:48,8.00,7000.00
AMA,2023-06-01 05:53,6.00,7000.00
AMA,2023-06-01 06:03,9.00,7000.00
AMA,2023-06-01 06:23,3.00,4200.00
AMA,2023-06-01 06:45,10.00,4700.00
AMA,2023-06-01 06:53,10.00,6500.00
AMA,2023-06-01 07:13,8.00,1000.00
AMA,2023-06-01 07:20,1.75,1200.00
AMA,2023-06-01 07:27,1.50,1200.00
AMA,2023-06-01 07:36,2.00,1200.00
AMA,2023-06-01 07:45,3.00,3600.00
AMA,2023-06-01 07:53,5.00,4200.00
AMA,2023-06-01 08:09,10.00,2000.00
AMA,2023-06-01 08:17,9.00,600.00
AMA,2023-06-01 08:23,2.50,600.00
AMA,2023-06-01 08:26,1.75,600.00
AMA,2023-06-01 08:32,2.00,600.00
AMA,2023-06-01 08:38,4.00,600.00
AMA,2023-06-01 08:49,4.00,4900.00
AMA,2023-06-01 08:53,4.00,5500.00
AMA,2023-06-01 09:04,9.00,6000.00
AMA,2023-06-01 09:12,9.00,6000.00
AMA,2023-06-01 09:25,8.00,7500.00
AMA,2023-06-01 09:40,10.00,7500.00
AMA,2023-06-01 09:53,10.00,7000.00
AMA,2023-06-01 10:30,6.00,6500.00
AMA,2023-06-01 10:53,4.00,6500.00
AMA,2023-06-01 11:53,5.00,6500.00
AMA,2023-06-01 12:53,8.00,6000.00
AMA,2023-06-01 13:53,10.00,12000.00
AMA,2023-06-01 14:53,10.00,6500.00
AMA,2023-06-01 15:53,10.00,11000.00
AMA,2023-06-01 16:53,10.00,M
AMA,2023-06-01 17:53,10.00,1800.00
AMA,2023-06-01 18:53,10.00,12000.00
AMA,2023-06-01 19:53,10.00,2600.00
AMA,2023-06-01 20:53,10.00,2700.00
AMA,2023-06-01 21:30,10.00,2900.00
AMA,2023-06-01 21:53,10.00,5000.00
AMA,2023-06-01 22:53,10.00,3400.00
AMA,2023-06-01 23:53,10.00,9000.00
AMA,2023-06-02 00:53,10.00,M
AMA,2023-06-02 01:53,10.00,M
AMA,2023-06-02 02:53,10.00,M
AMA,2023-06-02 03:53,10.00,M
AMA,2023-06-02 04:53,10.00,M
AMA,2023-06-02 05:53,10.00,M
AMA,2023-06-02 06:53,10.00,4600.00
AMA,2023-06-02 07:53,10.00,M
AMA,2023-06-02 08:53,10.00,M
AMA,2023-06-02 09:13,9.00,300.00
AMA,2023-06-02 09:22,9.00,300.00
AMA,2023-06-02 09:53,9.00,300.00
AMA,2023-06-02 10:53,6.00,200.00
AMA,2023-06-02 11:53,3.00,200.00
AMA,2023-06-02 12:53,3.00,300.00
AMA,2023-06-02 13:08,2.50,300.00
AMA,2023-06-02 13:49,3.00,300.00
AMA,2023-06-02 13:53,3.00,300.00
AMA,2023-06-02 14:22,9.00,400.00
AMA,2023-06-02 14:41,10.00,600.00
AMA,2023-06-02 14:53,10.00,600.00
AMA,2023-06-02 15:00,10.00,800.00
AMA,2023-06-02 15:21,10.00,1000.00
AMA,2023-06-02 15:53,10.00,1000.00
AMA,2023-06-02 16:53,10.00,1100.00
AMA,2023-06-02 17:30,10.00,1500.00
AMA,2023-06-02 17:53,10.00,1200.00
AMA,2023-06-02 18:22,10.00,1300.00
AMA,2023-06-02 18:28,10.00,1300.00
AMA,2023-06-02 18:53,5.00,1300.00
AMA,2023-06-02 19:34,4.00,700.00
AMA,2023-06-02 19:43,4.00,900.00
AMA,2023-06-02 19:47,2.50,900.00
AMA,2023-06-02 19:53,2.50,900.00
AMA,2023-06-02 19:56,3.00,900.00
AMA,2023-06-02 20:08,1.75,1400.00
AMA,2023-06-02 20:18,3.00,2100.00
AMA,2023-06-02 20:41,4.00,6000.00
AMA,2023-06-02 20:53,4.00,7000.00
AMA,2023-06-02 21:12,2.50,6500.00
AMA,2023-06-02 21:20,2.00,5500.00
AMA,2023-06-02 21:29,3.00,5500.00
AMA,2023-06-02 21:34,2.50,5500.00
AMA,2023-06-02 21:45,4.00,5500.00
AMA,2023-06-02 21:53,5.00,5500.00
AMA,2023-06-02 22:00,6.00,5500.00
AMA,2023-06-02 22:53,10.00,9000.00
AMA,2023-06-02 23:53,10.00,M
AMA,2023-06-03 00:53,10.00,M
AMA,2023-06-03 01:26,10.00,12000.00
AMA,2023-06-03 01:53,10.00,11000.00
AMA,2023-06-03 02:53,10.00,M
AMA,2023-06-03 03:53,10.00,M
AMA,2023-06-03 04:53,10.00,M
AMA,2023-06-03 05:53,10.00,M
AMA,2023-06-03 06:53,10.00,M
AMA,2023-06-03 07:53,10.00,M
AMA,2023-06-03 08:41,10.00,1200.00
AMA,2023-06-03 08:53,10.00,1100.00
AMA,2023-06-03 09:06,10.00,900.00
AMA,2023-06-03 09:30,10.00,700.00
AMA,2023-06-03 09:53,10.00,500.00
AMA,2023-06-03 10:00,10.00,400.00
AMA,2023-06-03 10:28,10.00,300.00
AMA,2023-06-03 10:53,10.00,300.00
AMA,2023-06-03 11:53,10.00,300.00
AMA,2023-06-03 12:00,10.00,400.00
AMA,2023-06-03 12:11,10.00,300.00
AMA,2023-06-03 12:53,8.00,300.00
AMA,2023-06-03 13:28,10.00,400.00
AMA,2023-06-03 13:53,10.00,400.00
AMA,2023-06-03 14:11,10.00,500.00
AMA,2023-06-03 14:41,10.00,600.00
AMA,2023-06-03 14:53,10.00,700.00
AMA,2023-06-03 15:00,10.00,700.00
AMA,2023-06-03 15:53,10.00,M
AMA,2023-06-03 16:53,10.00,M
AMA,2023-06-03 17:53,10.00,M
AMA,2023-06-03 18:53,10.00,3300.00
AMA,2023-06-03 19:53,10.00,4200.00
AMA,2023-06-03 20:53,10.00,4100.00
AMA,2023-06-03 21:53,10.00,M
AMA,2023-06-03 22:53,10.00,4100.00
AMA,2023-06-03 23:53,10.00,4600.00
AMA,2023-06-04 00:53,10.00,4500.00
AMA,2023-06-04 01:53,10.00,4800.00
AMA,2023-06-04 02:04,10.00,4900.00
AMA,2023-06-04 02:42,8.00,4400.00
AMA,2023-06-04 02:53,10.00,4200.00
AMA,2023-06-04 03:40,10.00,5000.00
AMA,2023-06-04 03:53,10.00,7500.00
AMA,2023-06-04 04:53,10.00,5500.00
AMA,2023-06-04 05:53,10.00,M
AMA,2023-06-04 06:53,10.00,11000.00
AMA,2023-06-04 07:53,10.00,M
AMA,2023-06-04 08:53,10.00,M
AMA,2023-06-04 09:53,10.00,M
AMA,2023-06-04 10:53,10.00,M
AMA,2023-06-04 11:53,10.00,M
AMA,2023-06-04 12:53,10.00,2600.00
AMA,2023-06-04 13:53,10.00,10000.00
AMA,2023-06-04 14:53,10.00,7000.00
AMA,2023-06-04 15:53,10.00,2900.00
AMA,2023-06-04 16:33,10.00,2300.00
AMA,2023-06-04 16:48,10.00,2300.00
AMA,2023-06-04 16:53,10.00,2300.00
AMA,2023-06-04 17:16,10.00,2700.00
AMA,2023-06-04 17:31,10.00,2900.00
AMA,2023-06-04 17:53,10.00,3000.00
AMA,2023-06-04 18:09,10.00,1900.00
AMA,2023-06-04 18:16,10.00,1600.00
AMA,2023-06-04 18:35,10.00,2900.00
AMA,2023-06-04 18:48,10.00,2900.00
AMA,2023-06-04 18:53,10.00,1300.00
AMA,2023-06-04 19:03,10.00,1500.00
AMA,2023-06-04 19:11,10.00,1500.00
AMA,2023-06-04 19:36,10.00,1600.00
AMA,2023-06-04 19:45,10.00,2500.00
AMA,2023-06-04 19:53,10.00,3600.00
AMA,2023-06-04 20:53,10.00,9000.00
AMA,2023-06-04 21:53,10.00,4300.00
AMA,2023-06-04 22:53,10.00,11000.00
AMA,2023-06-04 23:53,10.00,10000.00
AMA,2023-06-05 00:53,10.00,9500.00
AMA,2023-06-05 01:53,10.00,M
AMA,2023-06-05 02:53,10.00,M
AMA,2023-06-05 03:53,10.00,M
AMA,2023-06-05 04:53,10.00,10000.00
AMA,2023-06-05 05:53,10.00,7000.00
AMA,2023-06-05 06:53,10.00,9000.00
AMA,2023-06-05 07:53,10.00,9500.00
AMA,2023-06-05 08:53,10.00,10000.00
AMA,2023-06-05 09:53,10.00,4600.00
AMA,2023-06-05 10:53,10.00,10000.00
AMA,2023-06-05 11:48,2.50,100.00
AMA,2023-06-05 11:53,1.00,100.00
AMA,2023-06-05 12:02,2.00,100.00
AMA,2023-06-05 12:05,3.00,100.00
AMA,2023-06-05 12:53,8.00,10000.00
AMA,2023-06-05 13:53,5.00,10000.00
AMA,2023-06-05 14:53,10.00,10000.00
AMA,2023-06-05 15:53,10.00,11000.00
AMA,2023-06-05 16:53,10.00,2400.00
AMA,2023-06-05 17:53,10.00,2800.00
AMA,2023-06-05 18:53,10.00,3300.00
AMA,2023-06-05 19:53,10.00,4100.00
AMA,2023-06-05 20:53,10.00,4700.00
AMA,2023-06-05 21:53,10.00,4400.00
AMA,2023-06-05 22:36,10.00,4700.00
AMA,2023-06-05 22:53,10.00,7500.00
AMA,2023-06-05 23:09,10.00,7500.00
AMA,2023-06-05 23:53,10.00,M
AMA,2023-06-06 00:01,10.00,M
AMA,2023-06-06 00:16,10.00,M
AMA,2023-06-06 00:53,10.00,M
AMA,2023-06-06 01:53,10.00,11000.00
AMA,2023-06-06 02:53,10.00,10000.00
AMA,2023-06-06 03:53,10.00,9000.00
AMA,2023-06-06 04:53,10.00,10000.00
AMA,2023-06-06 05:53,10.00,11000.00
AMA,2023-06-06 06:53,10.00,M
AMA,2023-06-06 07:53,10.00,10000.00
AMA,2023-06-06 08:53,10.00,M
AMA,2023-06-06 09:53,10.00,11000.00
AMA,2023-06-06 10:53,10.00,10000.00
AMA,2023-06-06 11:53,10.00,M
AMA,2023-06-06 12:53,10.00,M
AMA,2023-06-06 13:53,10.00,M
AMA,2023-06-06 14:53,10.00,M
AMA,2023-06-06 15:53,10.00,11000.00
AMA,2023-06-06 16:53,10.00,3700.00
AMA,2023-06-06 17:53,10.00,M
AMA,2023-06-06 18:53,10.00,M
AMA,2023-06-06 19:53,10.00,4800.00
AMA,2023-06-06 20:53,10.00,5000.00
AMA,2023-06-06 21:53,10.00,5500.00
AMA,2023-06-06 22:53,10.00,5000.00
AMA,2023-06-06 23:53,10.00,5500.00
AMA,2023-06-07 00:53,10.00,M
AMA,2023-06-07 01:53,10.00,M
AMA,2023-06-07 02:53,10.00,M
AMA,2023-06-07 03:53,10.00,9000.00
AMA,2023-06-07 04:53,10.00,M
AMA,2023-06-07 05:53,10.00,M
AMA,2023-06-07 06:53,10.00,M
AMA,2023-06-07 07:53,10.00,M
AMA,2023-06-07 08:53,10.00,8000.00
AMA,2023-06-07 09:53,10.00,2000.00
AMA,2023-06-07 10:53,10.00,4500.00
AMA,2023-06-07 11:53,10.00,10000.00
AMA,2023-06-07 12:53,10.00,9000.00
AMA,2023-06-07 13:53,10.00,11000.00
AMA,2023-06-07 14:53,10.00,9500.00
AMA,2023-06-07 15:53,10.00,M
AMA,2023-06-07 16:53,10.00,3800.00
AMA,2023-06-07 17:53,10.00,12000.00
AMA,2023-06-07 18:53,10.00,4800.00
AMA,2023-06-07 19:53,10.00,M
AMA,2023-06-07 20:53,10.00,4800.00
AMA,2023-06-07 21:53,10.00,5000.00
AMA,2023-06-07 22:53,10.00,4700.00
AMA,2023-06-07 23:53,10.00,M
AMA,2023-06-08 00:53,10.00,M
AMA,2023-06-08 01:53,10.00,M
AMA,2023-06-08 02:53,10.00,M
AMA,2023-06-08 03:53,10.00,M
AMA,2023-06-08 04:33,10.00,7000.00
AMA,2023-06-08 04:42,10.00,1600.00
AMA,2023-06-08 04:49,2.50,2500.00
AMA,2023-06-08 04:53,1.75,2000.00
AMA,2023-06-08 05:05,2.00,2200.00
AMA,2023-06-08 05:17,3.00,3600.00
AMA,2023-06-08 05:26,2.00,3800.00
AMA,2023-06-08 05:38,6.00,4000.00
AMA,2023-06-08 05:44,8.00,4000.00
AMA,2023-06-08 05:51,10.00,4600.00
AMA,2023-06-08 05:53,10.00,4900.00
AMA,2023-06-08 06:01,10.00,8000.00
AMA,2023-06-08 06:53,10.00,8500.00
AMA,2023-06-08 07:53,10.00,5000.00
AMA,2023-06-08 08:53,10.00,9000.00
AMA,2023-06-08 09:53,10.00,12000.00
AMA,2023-06-08 10:53,10.00,M
AMA,2023-06-08 11:53,10.00,M
AMA,2023-06-08 12:53,10.00,M
AMA,2023-06-08 13:53,10.00,M
AMA,2023-06-08 14:53,10.00,M
AMA,2023-06-08 15:53,10.00,M
AMA,2023-06-08 16:53,10.00,M
AMA,2023-06-08 17:53,10.00,M
AMA,2023-06-08 18:53,10.00,M
AMA,2023-06-08 19:53,10.00,M
AMA,2023-06-08 20:53,10.00,M
AMA,2023-06-08 21:53,10.00,M
AMA,2023-06-08 22:53,10.00,M
AMA,2023-06-08 23:53,10.00,M
AMA,2023-06-09 00:53,10.00,M
AMA,2023-06-09 01:53,10.00,M
AMA,2023-06-09 02:53,10.00,M
AMA,2023-06-09 03:53,10.00,M
AMA,2023-06-09 04:53,10.00,M
AMA,2023-06-09 05:53,10.00,M
AMA,2023-06-09 06:53,10.00,M
AMA,2023-06-09 07:53,10.00,M
AMA,2023-06-09 08:53,10.00,M
AMA,2023-06-09 09:53,10.00,M
AMA,2023-06-09 10:53,10.00,M
AMA,2023-06-09 11:53,10.00,M
AMA,2023-06-09 12:53,10.00,M
AMA,2023-06-09 13:53,10.00,M
AMA,2023-06-09 14:53,10.00,M
AMA,2023-06-09 15:53,10.00,M
AMA,2023-06-09 16:53,10.00,M
AMA,2023-06-09 17:53,10.00,M
AMA,2023-06-09 18:53,10.00,M
AMA,2023-06-09 19:53,10.00,M
AMA,2023-06-09 20:53,10.00,M
AMA,2023-06-09 21:53,10.00,M
AMA,2023-06-09 22:53,10.00,M
AMA,2023-06-09 23:53,10.00,M
AMA,2023-06-10 00:53,10.00,M
AMA,2023-06-10 01:53,10.00,M
AMA,2023-06-10 02:53,10.00,M
AMA,2023-06-10 03:53,10.00,M
AMA,2023-06-10 04:53,10.00,M
AMA,2023-06-10 05:53,10.00,M
AMA,2023-06-10 06:53,10.00,11000.00
AMA,2023-06-10 07:53,10.00,12000.00
AMA,2023-06-10 08:53,10.00,9000.00
AMA,2023-06-10 09:53,10.00,M
AMA,2023-06-10 10:53,10.00,M
AMA,2023-06-10 11:53,10.00,M
AMA,2023-06-10 12:53,10.00,M
AMA,2023-06-10 13:53,10.00,M
AMA,2023-06-10 14:53,10.00,M
AMA,2023-06-10 15:53,10.00,M
AMA,2023-06-10 16:53,10.00,M
AMA,2023-06-10 17:53,10.00,M
AMA,2023-06-10 18:53,10.00,3700.00
AMA,2023-06-10 19:53,10.00,4000.00
AMA,2023-06-10 20:53,10.00,M
AMA,2023-06-10 21:53,10.00,M
AMA,2023-06-10 22:53,10.00,M
AMA,2023-06-10 23:53,10.00,M
AMA,2023-06-11 00:53,10.00,M
AMA,2023-06-11 01:53,10.00,M
AMA,2023-06-11 02:53,10.00,M
AMA,2023-06-11 03:53,10.00,M
AMA,2023-06-11 04:53,10.00,M
AMA,2023-06-11 05:53,10.00,M
AMA,2023-06-11 06:53,10.00,M
AMA,2023-06-11 07:53,10.00,M
AMA,2023-06-11 08:53,10.00,M
AMA,2023-06-11 09:53,10.00,6500.00
AMA,2023-06-11 10:53,10.00,M
AMA,2023-06-11 11:53,10.00,M
AMA,2023-06-11 12:53,10.00,M
AMA,2023-06-11 13:53,10.00,M
AMA,2023-06-11 14:53,10.00,M
AMA,2023-06-11 15:53,10.00,M
AMA,2023-06-11 16:53,10.00,M
AMA,2023-06-11 17:53,10.00,M
AMA,2023-06-11 18:53,10.00,M
AMA,2023-06-11 19:53,10.00,4700.00
AMA,2023-06-11 20:53,10.00,M
AMA,2023-06-11 21:53,10.00,5000.00
AMA,2023-06-11 22:53,10.00,5500.00
AMA,2023-06-11 23:53,10.00,5500.00
AMA,2023-06-12 00:45,10.00,5500.00
AMA,2023-06-12 00:53,10.00,5500.00
AMA,2023-06-12 01:11,10.00,5500.00
AMA,2023-06-12 01:22,10.00,5000.00
AMA,2023-06-12 01:31,10.00,10000.00
AMA,2023-06-12 01:53,10.00,7000.00
AMA,2023-06-12 02:06,10.00,7500.00
AMA,2023-06-12 02:53,10.00,M
AMA,2023-06-12 03:53,10.00,M
AMA,2023-06-12 04:53,10.00,M
AMA,2023-06-12 05:53,10.00,M
AMA,2023-06-12 06:53,10.00,M
AMA,2023-06-12 07:53,10.00,5000.00
AMA,2023-06-12 08:53,10.00,1200.00
AMA,2023-06-12 09:13,10.00,1300.00
AMA,2023-06-12 09:53,10.00,1300.00
AMA,2023-06-12 10:48,10.00,1300.00
AMA,2023-06-12 10:53,10.00,1300.00
AMA,2023-06-12 11:53,10.00,4800.00
AMA,2023-06-12 12:53,10.00,1100.00
AMA,2023-06-12 13:53,10.00,3900.00
AMA,2023-06-12 14:53,10.00,3800.00
AMA,2023-06-12 15:53,10.00,1000.00
AMA,2023-06-12 16:20,10.00,3700.00
AMA,2023-06-12 16:53,10.00,3800.00
AMA,2023-06-12 17:53,10.00,3700.00
AMA,2023-06-12 18:53,10.00,2100.00
AMA,2023-06-12 19:03,10.00,2200.00
AMA,2023-06-12 19:53,10.00,2000.00
AMA,2023-06-12 20:53,10.00,2100.00
AMA,2023-06-12 21:10,10.00,2200.00
AMA,2023-06-12 21:35,10.00,2300.00
AMA,2023-06-12 21:51,10.00,2300.00
AMA,2023-06-12 21:53,10.00,2300.00
AMA,2023-06-12 22:53,10.00,2300.00
AMA,2023-06-12 23:53,10.00,M
AMA,2023-06-13 00:53,10.00,M
AMA,2023-06-13 01:53,10.00,M
AMA,2023-06-13 02:41,10.00,1600.00
AMA,2023-06-13 02:53,10.00,1700.00
AMA,2023-06-13 03:22,10.00,1400.00
AMA,2023-06-13 03:53,10.00,1400.00
AMA,2023-06-13 04:43,8.00,900.00
AMA,2023-06-13 04:53,6.00,900.00
AMA,2023-06-13 05:33,9.00,500.00
AMA,2023-06-13 05:53,8.00,500.00
AMA,2023-06-13 06:18,2.50,500.00
AMA,2023-06-13 06:48,2.50,300.00
AMA,2023-06-13 06:53,2.50,300.00
AMA,2023-06-13 07:01,3.00,400.00
AMA,2023-06-13 07:18,5.00,300.00
AMA,2023-06-13 07:28,5.00,400.00
AMA,2023-06-13 07:53,7.00,400.00
AMA,2023-06-13 08:08,8.00,300.00
AMA,2023-06-13 08:53,8.00,300.00
AMA,2023-06-13 09:25,1.75,200.00
AMA,2023-06-13 09:40,0.75,200.00
AMA,2023-06-13 09:53,0.75,200.00
AMA,2023-06-13 10:00,1.00,200.00
AMA,2023-06-13 10:16,1.25,200.00
AMA,2023-06-13 10:53,2.00,200.00
AMA,2023-06-13 11:53,3.00,300.00
AMA,2023-06-13 12:20,1.00,300.00
AMA,2023-06-13 12:38,2.00,200.00
AMA,2023-06-13 12:53,2.00,300.00
AMA,2023-06-13 13:27,1.75,200.00
AMA,2023-06-13 13:46,0.75,200.00
AMA,2023-06-13 13:53,0.75,200.00
AMA,2023-06-13 13:57,1.25,200.00
AMA,2023-06-13 14:09,2.00,200.00
AMA,2023-06-13 14:16,5.00,200.00
AMA,2023-06-13 14:38,5.00,400.00
AMA,2023-06-13 14:53,3.00,300.00
AMA,2023-06-13 15:16,6.00,400.00
AMA,2023-06-13 15:39,8.00,500.00
AMA,2023-06-13 15:53,8.00,500.00
AMA,2023-06-13 16:02,8.00,600.00
AMA,2023-06-13 16:53,10.00,800.00
AMA,2023-06-13 17:01,10.00,1000.00
AMA,2023-06-13 17:21,10.00,1100.00
AMA,2023-06-13 17:34,10.00,1100.00
AMA,2023-06-13 17:48,10.00,1700.00
AMA,2023-06-13 17:53,10.00,1700.00
AMA,2023-06-13 18:53,10.00,2000.00
AMA,2023-06-13 19:53,10.00,3300.00
AMA,2023-06-13 20:53,10.00,3500.00
AMA,2023-06-13 21:53,10.00,3500.00
AMA,2023-06-13 22:53,10.00,M
AMA,2023-06-13 23:53,10.00,M
AMA,2023-06-14 00:53,10.00,3900.00
AMA,2023-06-14 01:53,10.00,M
AMA,2023-06-14 02:29,10.00,900.00
AMA,2023-06-14 02:53,10.00,900.00
AMA,2023-06-14 03:06,10.00,900.00
AMA,2023-06-14 03:53,10.00,4100.00
AMA,2023-06-14 04:27,7.00,800.00
AMA,2023-06-14 04:53,6.00,800.00
AMA,2023-06-14 05:09,6.00,800.00
AMA,2023-06-14 05:53,8.00,M
AMA,2023-06-14 06:53,9.00,M
AMA,2023-06-14 07:53,10.00,M
AMA,2023-06-14 08:36,8.00,500.00
AMA,2023-06-14 08:45,2.50,200.00
AMA,2023-06-14 08:48,1.00,200.00
AMA,2023-06-14 08:51,0.50,200.00
AMA,2023-06-14 08:53,0.50,200.00
AMA,2023-06-14 08:58,1.00,200.00
AMA,2023-06-14 09:02,2.00,200.00
AMA,2023-06-14 09:12,6.00,200.00
AMA,2023-06-14 09:24,7.00,1100.00
AMA,2023-06-14 09:53,8.00,3500.00
AMA,2023-06-14 10:53,10.00,3600.00
AMA,2023-06-14 11:53,7.00,M
AMA,2023-06-14 12:04,3.00,200.00
AMA,2023-06-14 12:53,9.00,M
AMA,2023-06-14 13:53,10.00,M
AMA,2023-06-14 14:53,10.00,M
AMA,2023-06-14 15:53,10.00,M
AMA,2023-06-14 16:53,10.00,M
AMA,2023-06-14 17:53,10.00,M
AMA,2023-06-14 18:53,10.00,M
AMA,2023-06-14 19:53,10.00,M
AMA,2023-06-14 20:53,10.00,M
AMA,2023-06-14 21:53,10.00,M
AMA,2023-06-14 22:53,10.00,M
AMA,2023-06-14 23:53,10.00,M
AMA,2023-06-15 00:53,10.00,M
AMA,2023-06-15 01:53,10.00,M
AMA,2023-06-15 02:53,10.00,M
AMA,2023-06-15 03:53,10.00,M
AMA,2023-06-15 04:53,10.00,M
AMA,2023-06-15 05:53,10.00,M
AMA,2023-06-15 06:53,10.00,M
AMA,2023-06-15 07:53,10.00,M
AMA,2023-06-15 08:53,10.00,M
AMA,2023-06-15 09:53,10.00,M
AMA,2023-06-15 10:53,10.00,M
AMA,2023-06-15 11:53,10.00,M
AMA,2023-06-15 12:53,10.00,M
AMA,2023-06-15 13:53,10.00,M
AMA,2023-06-15 14:53,10.00,M
AMA,2023-06-15 15:53,10.00,M
AMA,2023-06-15 16:53,10.00,M
AMA,2023-06-15 17:53,10.00,M
AMA,2023-06-15 18:53,10.00,M
AMA,2023-06-15 19:53,10.00,M
AMA,2023-06-15 20:53,10.00,M
AMA,2023-06-15 21:53,10.00,M
AMA,2023-06-15 22:53,10.00,M
AMA,2023-06-15 23:53,10.00,M
AMA,2023-06-16 00:16,2.00,1700.00
AMA,2023-06-16 00:25,2.00,2300.00
AMA,2023-06-16 00:32,6.00,2500.00
AMA,2023-06-16 00:53,10.00,2600.00
AMA,2023-06-16 01:04,10.00,2800.00
AMA,2023-06-16 01:53,10.00,M
AMA,2023-06-16 02:53,10.00,M
AMA,2023-06-16 03:53,10.00,M
AMA,2023-06-16 04:53,10.00,M
AMA,2023-06-16 05:53,10.00,M
AMA,2023-06-16 06:53,10.00,M
AMA,2023-06-16 07:53,10.00,M
AMA,2023-06-16 08:53,10.00,M
AMA,2023-06-16 09:53,10.00,M
AMA,2023-06-16 10:53,10.00,M
AMA,2023-06-16 11:53,10.00,M
AMA,2023-06-16 12:53,10.00,M
AMA,2023-06-16 13:53,10.00,M
AMA,2023-06-16 14:53,10.00,M
AMA,2023-06-16 15:53,10.00,M
AMA,2023-06-16 16:53,10.00,M
AMA,2023-06-16 17:53,10.00,M
AMA,2023-06-16 18:53,10.00,M
AMA,2023-06-16 19:53,10.00,M
AMA,2023-06-16 20:53,10.00,M
AMA,2023-06-16 21:53,10.00,M
AMA,2023-06-16 22:53,10.00,M
AMA,2023-06-16 23:53,10.00,M
AMA,2023-06-17 00:53,10.00,M
AMA,2023-06-17 01:53,10.00,M
AMA,2023-06-17 02:53,10.00,M
AMA,2023-06-17 03:53,10.00,M
AMA,2023-06-17 04:53,10.00,M
AMA,2023-06-17 05:16,10.00,M
AMA,2023-06-17 05:31,10.00,12000.00
AMA,2023-06-17 05:53,10.00,M
AMA,2023-06-17 06:53,10.00,M
AMA,2023-06-17 07:53,10.00,M
AMA,2023-06-17 08:53,10.00,M
AMA,2023-06-17 09:53,10.00,M
AMA,2023-06-17 10:27,10.00,2100.00
AMA,2023-06-17 10:53,10.00,1900.00
AMA,2023-06-17 11:50,10.00,2300.00
AMA,2023-06-17 11:53,10.00,2300.00
AMA,2023-06-17 12:53,10.00,M
AMA,2023-06-17 13:53,10.00,M
AMA,2023-06-17 14:32,10.00,1400.00
AMA,2023-06-17 14:39,10.00,1500.00
AMA,2023-06-17 14:53,10.00,1600.00
AMA,2023-06-17 15:00,10.00,1600.00
AMA,2023-06-17 15:09,10.00,1800.00
AMA,2023-06-17 15:22,10.00,2000.00
AMA,2023-06-17 15:53,10.00,2200.00
AMA,2023-06-17 16:53,10.00,2500.00
AMA,2023-06-17 17:53,10.00,2800.00
AMA,2023-06-17 18:53,10.00,M
AMA,2023-06-17 19:53,10.00,M
AMA,2023-06-17 20:53,10.00,M
AMA,2023-06-17 21:53,10.00,M
AMA,2023-06-17 22:53,10.00,M
AMA,2023-06-17 23:53,10.00,M
AMA,2023-06-18 00:53,10.00,M
AMA,2023-06-18 01:53,10.00,M
AMA,2023-06-18 02:25,10.00,M
AMA,2023-06-18 02:53,10.00,M
AMA,2023-06-18 03:12,10.00,M
AMA,2023-06-18 03:53,10.00,M
AMA,2023-06-18 04:53,10.00,M
AMA,2023-06-18 05:53,10.00,M
AMA,2023-06-18 06:53,10.00,M
AMA,2023-06-18 07:53,10.00,M
AMA,2023-06-18 08:53,10.00,M
AMA,2023-06-18 09:53,10.00,M
AMA,2023-06-18 10:53,10.00,M
AMA,2023-06-18 11:53,10.00,M
AMA,2023-06-18 12:53,10.00,M
AMA,2023-06-18 13:53,10.00,M
AMA,2023-06-18 14:53,10.00,M
AMA,2023-06-18 15:53,10.00,M
AMA,2023-06-18 16:53,10.00,M
AMA,2023-06-18 17:53,10.00,M
AMA,2023-06-18 18:38,10.00,M
AMA,2023-06-18 18:40,10.00,M
AMA,2023-06-18 18:53,10.00,M
AMA,2023-06-18 19:53,10.00,M
AMA,2023-06-18 20:53,10.00,M
AMA,2023-06-18 21:53,10.00,M
AMA,2023-06-18 22:53,10.00,M
AMA,2023-06-18 23:53,10.00,M
AMA,2023-06-19 00:53,10.00,M
AMA,2023-06-19 01:53,10.00,M
AMA,2023-06-19 02:53,10.00,M
AMA,2023-06-19 03:53,10.00,M
AMA,2023-06-19 04:53,10.00,M
AMA,2023-06-19 05:53,10.00,M
AMA,2023-06-19 06:53,10.00,M
AMA,2023-06-19 07:53,10.00,M
AMA,2023-06-19 08:53,10.00,M
AMA,2023-06-19 09:53,10.00,M
AMA,2023-06-19 10:53,10.00,M
AMA,2023-06-19 11:53,10.00,M
AMA,2023-06-19 12:53,10.00,M
AMA,2023-06-19 13:53,10.00,M
AMA,2023-06-19 14:53,10.00,M
AMA,2023-06-19 15:53,10.00,M
AMA,2023-06-19 16:53,10.00,M
AMA,2023-06-19 17:53,10.00,M
AMA,2023-06-19 18:53,10.00,M
AMA,2023-06-19 19:53,10.00,M
AMA,2023-06-19 20:53,10.00,M
AMA,2023-06-19 21:53,10.00,M
AMA,2023-06-19 22:53,10.00,M
AMA,2023-06-19 23:53,10.00,M
AMA,2023-06-20 00:53,10.00,M
AMA,2023-06-20 01:53,10.00,M
AMA,2023-06-20 02:53,10.00,M
AMA,2023-06-20 03:53,10.00,M
AMA,2023-06-20 04:53,10.00,M
AMA,2023-06-20 05:53,10.00,M
AMA,2023-06-20 06:53,7.00,M
AMA,2023-06-20 07:53,6.00,M
AMA,2023-06-20 08:31,1.75,100.00
AMA,2023-06-20 08:34,0.50,100.00
AMA,2023-06-20 08:42,0.25,100.00
AMA,2023-06-20 08:53,0.25,100.00
AMA,2023-06-20 09:26,0.25,100.00
AMA,2023-06-20 09:42,0.75,100.00
AMA,2023-06-20 09:49,0.75,200.00
AMA,2023-06-20 09:53,0.50,200.00
AMA,2023-06-20 09:59,0.25,200.00
AMA,2023-06-20 10:13,0.25,100.00
AMA,2023-06-20 10:22,0.25,100.00
AMA,2023-06-20 10:35,0.25,100.00
AMA,2023-06-20 10:41,0.75,100.00
AMA,2023-06-20 10:43,1.50,100.00
AMA,2023-06-20 10:45,3.00,100.00
AMA,2023-06-20 10:53,5.00,100.00
AMA,2023-06-20 11:53,8.00,M
AMA,2023-06-20 12:53,10.00,M
AMA,2023-06-20 13:53,10.00,M
AMA,2023-06-20 14:53,10.00,M
AMA,2023-06-20 15:53,10.00,M
AMA,2023-06-20 16:53,10.00,M
AMA,2023-06-20 17:53,10.00,M
AMA,2023-06-20 18:53,10.00,M
AMA,2023-06-20 19:53,10.00,M
AMA,2023-06-20 20:53,10.00,M
AMA,2023-06-20 21:53,10.00,M
AMA,2023-06-20 22:53,10.00,M
AMA,2023-06-20 23:53,10.00,M
AMA,2023-06-21 00:53,10.00,M
AMA,2023-06-21 01:16,10.00,M
AMA,2023-06-21 01:51,10.00,M
AMA,2023-06-21 01:53,10.00,M
AMA,2023-06-21 02:01,10.00,M
AMA,2023-06-21 02:53,10.00,M
AMA,2023-06-21 03:53,10.00,M
AMA,2023-06-21 04:53,10.00,M
AMA,2023-06-21 05:53,10.00,M
AMA,2023-06-21 06:53,10.00,M
AMA,2023-06-21 07:53,10.00,M
AMA,2023-06-21 08:53,10.00,M
AMA,2023-06-21 09:53,10.00,M
AMA,2023-06-21 10:53,10.00,M
AMA,2023-06-21 11:53,10.00,M
AMA,2023-06-21 12:53,10.00,M
AMA,2023-06-21 13:53,10.00,M
AMA,2023-06-21 14:53,10.00,M
AMA,2023-06-21 15:53,10.00,M
AMA,2023-06-21 16:53,10.00,M
AMA,2023-06-21 17:53,10.00,M
AMA,2023-06-21 18:53,10.00,M
AMA,2023-06-21 19:53,10.00,M
AMA,2023-06-21 20:53,10.00,M
AMA,2023-06-21 21:53,10.00,M
AMA,2023-06-21 22:53,10.00,M
AMA,2023-06-21 23:53,10.00,M
AMA,2023-06-22 00:53,10.00,M
AMA,2023-06-22 01:53,9.00,1100.00
AMA,2023-06-22 02:37,9.00,1000.00
AMA,2023-06-22 02:53,9.00,1000.00
AMA,2023-06-22 03:38,8.00,800.00
AMA,2023-06-22 03:53,8.00,800.00
AMA,2023-06-22 04:30,8.00,1000.00
AMA,2023-06-22 04:53,7.00,800.00
AMA,2023-06-22 05:53,7.00,700.00
AMA,2023-06-22 06:53,7.00,700.00
AMA,2023-06-22 07:53,6.00,700.00
AMA,2023-06-22 08:53,2.50,400.00
AMA,2023-06-22 09:10,3.00,300.00
AMA,2023-06-22 09:53,6.00,500.00
AMA,2023-06-22 10:16,6.00,400.00
AMA,2023-06-22 10:53,6.00,400.00
AMA,2023-06-22 11:53,6.00,400.00
AMA,2023-06-22 12:08,6.00,500.00
AMA,2023-06-22 12:33,7.00,600.00
AMA,2023-06-22 12:53,8.00,800.00
AMA,2023-06-22 13:53,8.00,800.00
AMA,2023-06-22 14:53,7.00,900.00
AMA,2023-06-22 15:53,7.00,900.00
AMA,2023-06-22 16:15,8.00,1000.00
AMA,2023-06-22 16:53,9.00,1400.00
AMA,2023-06-22 17:05,9.00,1600.00
AMA,2023-06-22 17:43,10.00,1800.00
AMA,2023-06-22 17:50,10.00,1800.00
AMA,2023-06-22 17:53,10.00,1800.00
AMA,2023-06-22 18:17,10.00,1900.00
AMA,2023-06-22 18:53,10.00,2300.00
AMA,2023-06-22 19:53,10.00,4500.00
AMA,2023-06-22 20:53,10.00,3900.00
AMA,2023-06-22 21:21,10.00,3900.00
AMA,2023-06-22 21:53,10.00,4100.00
AMA,2023-06-22 22:53,10.00,3500.00
AMA,2023-06-22 23:53,10.00,M
AMA,2023-06-23 00:53,10.00,M
AMA,2023-06-23 01:53,10.00,M
AMA,2023-06-23 02:53,10.00,M
AMA,2023-06-23 03:53,10.00,M
AMA,2023-06-23 04:19,10.00,2100.00
AMA,2023-06-23 04:53,10.00,2000.00
AMA,2023-06-23 05:12,10.00,2000.00
AMA,2023-06-23 05:53,10.00,M
AMA,2023-06-23 06:53,10.00,M
AMA,2023-06-23 07:53,10.00,1500.00
AMA,2023-06-23 08:17,10.00,1500.00
AMA,2023-06-23 08:45,10.00,1200.00
AMA,2023-06-23 08:53,10.00,1200.00
AMA,2023-06-23 09:17,10.00,1100.00
AMA,2023-06-23 09:53,10.00,M
AMA,2023-06-23 10:53,9.00,M
AMA,2023-06-23 11:25,8.00,800.00
AMA,2023-06-23 11:34,8.00,800.00
AMA,2023-06-23 11:53,7.00,700.00
AMA,2023-06-23 12:18,7.00,500.00
AMA,2023-06-23 12:53,5.00,500.00
AMA,2023-06-23 13:46,6.00,600.00
AMA,2023-06-23 13:53,10.00,600.00
AMA,2023-06-23 14:53,10.00,800.00
AMA,2023-06-23 15:37,10.00,700.00
AMA,2023-06-23 15:53,10.00,1200.00
AMA,2023-06-23 16:04,10.00,1200.00
AMA,2023-06-23 16:37,10.00,2100.00
AMA,2023-06-23 16:53,10.00,M
AMA,2023-06-23 17:53,10.00,M
AMA,2023-06-23 18:53,10.00,2300.00
AMA,2023-06-23 19:53,10.00,M
AMA,2023-06-23 20:53,10.00,M
AMA,2023-06-23 21:53,10.00,M
AMA,2023-06-23 22:53,10.00,M
AMA,2023-06-23 23:09,10.00,M
AMA,2023-06-23 23:21,1.50,2500.00
AMA,2023-06-23 23:36,9.00,1900.00
AMA,2023-06-23 23:50,10.00,1400.00
AMA,2023-06-23 23:53,10.00,M
AMA,2023-06-24 00:53,10.00,M
AMA,2023-06-24 01:43,10.00,6500.00
AMA,2023-06-24 01:50,10.00,7000.00
AMA,2023-06-24 01:53,10.00,7000.00
AMA,2023-06-24 02:05,10.00,7000.00
AMA,2023-06-24 02:53,10.00,M
AMA,2023-06-24 03:53,10.00,M
AMA,2023-06-24 04:53,10.00,M
AMA,2023-06-24 05:53,10.00,M
AMA,2023-06-24 06:53,10.00,M
AMA,2023-06-24 07:53,10.00,M
AMA,2023-06-24 08:53,10.00,M
AMA,2023-06-24 09:53,10.00,M
AMA,2023-06-24 10:53,10.00,M
AMA,2023-06-24 11:53,10.00,M
AMA,2023-06-24 12:53,10.00,M
AMA,2023-06-24 13:53,10.00,M
AMA,2023-06-24 14:53,10.00,M
AMA,2023-06-24 15:53,10.00,M
AMA,2023-06-24 16:53,10.00,M
AMA,2023-06-24 17:53,10.00,M
AMA,2023-06-24 18:53,10.00,M
AMA,2023-06-24 19:53,10.00,M
AMA,2023-06-24 20:53,10.00,M
AMA,2023-06-24 21:53,10.00,M
AMA,2023-06-24 22:53,10.00,M
AMA,2023-06-24 23:53,10.00,M
AMA,2023-06-25 00:53,10.00,M
AMA,2023-06-25 01:53,10.00,M
AMA,2023-06-25 02:53,10.00,M
AMA,2023-06-25 03:53,10.00,M
AMA,2023-06-25 04:53,10.00,M
AMA,2023-06-25 05:53,10.00,M
AMA,2023-06-25 06:53,10.00,M
AMA,2023-06-25 07:53,10.00,M
AMA,2023-06-25 08:53,10.00,M
AMA,2023-06-25 09:53,10.00,M
AMA,2023-06-25 10:53,10.00,M
AMA,2023-06-25 11:53,6.00,M
AMA,2023-06-25 12:04,5.00,400.00
AMA,2023-06-25 12:12,5.00,400.00
AMA,2023-06-25 12:19,5.00,300.00
AMA,2023-06-25 12:40,5.00,400.00
AMA,2023-06-25 12:53,5.00,400.00
AMA,2023-06-25 13:27,8.00,600.00
AMA,2023-06-25 13:53,10.00,M
AMA,2023-06-25 14:53,10.00,M
AMA,2023-06-25 15:53,10.00,M
AMA,2023-06-25 16:53,10.00,M
AMA,2023-06-25 17:53,10.00,M
AMA,2023-06-25 18:53,10.00,M
AMA,2023-06-25 19:53,10.00,M
AMA,2023-06-25 20:53,10.00,M
AMA,2023-06-25 21:53,10.00,M
AMA,2023-06-25 22:53,10.00,M
AMA,2023-06-25 23:53,10.00,M
AMA,2023-06-26 00:53,10.00,M
AMA,2023-06-26 01:53,10.00,M
AMA,2023-06-26 02:53,10.00,M
AMA,2023-06-26 03:53,10.00,M
AMA,2023-06-26 04:53,10.00,M
AMA,2023-06-26 05:53,10.00,M
AMA,2023-06-26 06:53,10.00,M
AMA,2023-06-26 07:53,10.00,M
AMA,2023-06-26 08:53,10.00,M
AMA,2023-06-26 09:53,10.00,M
AMA,2023-06-26 10:53,10.00,M
AMA,2023-06-26 11:39,10.00,2000.00
AMA,2023-06-26 11:53,10.00,2000.00
AMA,2023-06-26 12:53,10.00,2300.00
AMA,2023-06-26 13:53,10.00,2500.00
AMA,2023-06-26 14:53,10.00,2200.00
AMA,2023-06-26 15:12,10.00,2700.00
AMA,2023-06-26 15:53,10.00,M
AMA,2023-06-26 16:53,10.00,M
AMA,2023-06-26 17:53,10.00,M
AMA,2023-06-26 18:53,10.00,4000.00
AMA,2023-06-26 19:53,10.00,4100.00
AMA,2023-06-26 20:53,10.00,M
AMA,2023-06-26 21:53,10.00,M
AMA,2023-06-26 22:53,10.00,M
AMA,2023-06-26 23:53,10.00,M
AMA,2023-06-27 00:53,10.00,M
AMA,2023-06-27 01:53,10.00,M
AMA,2023-06-27 02:53,10.00,M
AMA,2023-06-27 03:53,10.00,M
AMA,2023-06-27 04:53,10.00,M
AMA,2023-06-27 05:53,10.00,M
AMA,2023-06-27 06:20,10.00,M
AMA,2023-06-27 06:45,10.00,1900.00
AMA,2023-06-27 06:53,8.00,1900.00
AMA,2023-06-27 07:15,3.00,2600.00
AMA,2023-06-27 07:53,10.00,10000.00
AMA,2023-06-27 08:30,10.00,8000.00
AMA,2023-06-27 08:53,10.00,M
AMA,2023-06-27 09:53,10.00,M
AMA,2023-06-27 10:53,10.00,10000.00
AMA,2023-06-27 11:53,10.00,M
AMA,2023-06-27 12:53,10.00,M
AMA,2023-06-27 13:53,10.00,M
AMA,2023-06-27 14:53,10.00,M
AMA,2023-06-27 15:53,10.00,M
AMA,2023-06-27 16:53,10.00,M
AMA,2023-06-27 17:53,10.00,M
AMA,2023-06-27 18:53,10.00,M
AMA,2023-06-27 19:53,10.00,M
AMA,2023-06-27 20:53,10.00,M
AMA,2023-06-27 21:53,10.00,M
AMA,2023-06-27 22:53,10.00,M
AMA,2023-06-27 23:53,10.00,M
AMA,2023-06-28 00:53,10.00,M
AMA,2023-06-28 01:53,10.00,M
AMA,2023-06-28 02:53,10.00,M
AMA,2023-06-28 03:53,10.00,M
AMA,2023-06-28 04:53,10.00,M
AMA,2023-06-28 05:53,10.00,M
AMA,2023-06-28 06:53,10.00,M
AMA,2023-06-28 07:53,10.00,M
AMA,2023-06-28 08:53,10.00,M
AMA,2023-06-28 09:53,10.00,M
AMA,2023-06-28 10:53,10.00,M
AMA,2023-06-28 11:53,10.00,M
AMA,2023-06-28 12:53,10.00,M
AMA,2023-06-28 13:53,10.00,M
AMA,2023-06-28 14:53,10.00,M
AMA,2023-06-28 15:53,10.00,M
AMA,2023-06-28 16:53,10.00,M
AMA,2023-06-28 17:53,10.00,M
AMA,2023-06-28 18:53,10.00,M
AMA,2023-06-28 19:53,10.00,M
AMA,2023-06-28 20:53,10.00,M
AMA,2023-06-28 21:53,10.00,M
AMA,2023-06-28 22:53,10.00,M
AMA,2023-06-28 23:53,10.00,M
AMA,2023-06-29 00:53,10.00,M
AMA,2023-06-29 01:53,10.00,M
AMA,2023-06-29 02:53,10.00,M
AMA,2023-06-29 03:53,10.00,M
AMA,2023-06-29 04:53,10.00,M
AMA,2023-06-29 05:53,10.00,M
AMA,2023-06-29 06:53,10.00,M
AMA,2023-06-29 07:53,10.00,M
AMA,2023-06-29 08:53,10.00,M
AMA,2023-06-29 09:53,10.00,M
AMA,2023-06-29 10:53,10.00,M
AMA,2023-06-29 11:53,10.00,M
AMA,2023-06-29 12:53,10.00,M
AMA,2023-06-29 13:53,10.00,M
AMA,2023-06-29 14:53,10.00,M
AMA,2023-06-29 15:53,10.00,M
AMA,2023-06-29 16:53,10.00,M
AMA,2023-06-29 17:53,10.00,M
AMA,2023-06-29 18:53,10.00,M
AMA,2023-06-29 19:53,10.00,M
AMA,2023-06-29 20:53,10.00,M
AMA,2023-06-29 21:53,10.00,M
AMA,2023-06-29 22:53,10.00,M
AMA,2023-06-29 23:53,10.00,M
AMA,2023-06-30 00:53,10.00,M
AMA,2023-06-30 01:51,10.00,200.00
AMA,2023-06-30 01:53,10.00,M
AMA,2023-06-30 02:01,10.00,200.00
AMA,2023-06-30 02:53,10.00,M
AMA,2023-06-30 03:53,10.00,M
AMA,2023-06-30 04:53,10.00,M
AMA,2023-06-30 05:53,10.00,M
AMA,2023-06-30 06:53,10.00,M
AMA,2023-06-30 07:53,10.00,M
AMA,2023-06-30 08:53,10.00,M
AMA,2023-06-30 09:53,10.00,M
AMA,2023-06-30 10:53,10.00,M
AMA,2023-06-30 11:53,10.00,M
AMA,2023-06-30 12:53,10.00,M
AMA,2023-06-30 13:53,10.00,M
AMA,2023-06-30 14:53,10.00,M
AMA,2023-06-30 15:53,10.00,M
AMA,2023-06-30 16:53,10.00,5000.00
AMA,2023-06-30 17:53,10.00,5500.00
AMA,2023-06-30 18:53,10.00,6000.00
AMA,2023-06-30 19:18,10.00,6000.00
AMA,2023-06-30 19:28,10.00,5500.00
AMA,2023-06-30 19:42,1.75,5500.00
AMA,2023-06-30 19:47,0.75,4700.00
AMA,2023-06-30 19:53,0.50,4900.00
AMA,2023-06-30 19:56,0.75,4600.00
AMA,2023-06-30 20:04,1.25,4700.00
AMA,2023-06-30 20:14,3.00,4500.00
AMA,2023-06-30 20:48,10.00,8000.00
AMA,2023-06-30 20:53,10.00,8000.00
AMA,2023-06-30 21:53,10.00,11000.00
AMA,2023-06-30 22:53,10.00,11000.00
AMA,2023-06-30 23:53,10.00,M
AMA,2023-07-01 00:53,10.00,M
AMA,2023-07-01 01:53,10.00,M
AMA,2023-07-01 02:53,10.00,M
AMA,2023-07-01 03:53,10.00,M
AMA,2023-07-01 04:53,10.00,1900.00
AMA,2023-07-01 05:01,10.00,2000.00
AMA,2023-07-01 05:09,10.00,2000.00
AMA,2023-07-01 05:19,10.00,1800.00
AMA,2023-07-01 05:48,10.00,1400.00
AMA,2023-07-01 05:53,10.00,1200.00
AMA,2023-07-01 06:00,10.00,900.00
AMA,2023-07-01 06:25,10.00,1100.00
AMA,2023-07-01 06:38,6.00,1500.00
AMA,2023-07-01 06:53,10.00,2000.00
AMA,2023-07-01 07:04,5.00,2000.00
AMA,2023-07-01 07:23,10.00,1700.00
AMA,2023-07-01 07:30,10.00,2800.00
AMA,2023-07-01 07:45,10.00,5500.00
AMA,2023-07-01 07:53,10.00,6000.00
AMA,2023-07-01 08:53,10.00,7000.00
AMA,2023-07-01 09:24,10.00,6500.00
AMA,2023-07-01 09:50,6.00,6500.00
AMA,2023-07-01 09:53,7.00,8000.00
AMA,2023-07-01 10:35,10.00,9000.00
AMA,2023-07-01 10:53,10.00,3800.00
AMA,2023-07-01 11:53,10.00,M
AMA,2023-07-01 12:53,10.00,M
AMA,2023-07-01 13:53,10.00,M
AMA,2023-07-01 14:53,10.00,8000.00
AMA,2023-07-01 15:53,10.00,8000.00
AMA,2023-07-01 16:53,10.00,5500.00
AMA,2023-07-01 17:53,10.00,6500.00
AMA,2023-07-01 18:53,10.00,7000.00
AMA,2023-07-01 19:53,10.00,8000.00
AMA,2023-07-01 20:53,10.00,7500.00
AMA,2023-07-01 21:53,10.00,M
AMA,2023-07-01 22:53,10.00,M
AMA,2023-07-01 23:53,10.00,M
AMA,2023-07-02 00:53,10.00,M
AMA,2023-07-02 01:53,10.00,6000.00
AMA,2023-07-02 02:53,10.00,M
AMA,2023-07-02 03:53,10.00,M
AMA,2023-07-02 04:53,10.00,M
AMA,2023-07-02 05:53,10.00,M
AMA,2023-07-02 06:53,10.00,M
AMA,2023-07-02 07:53,10.00,M
AMA,2023-07-02 08:53,10.00,M
AMA,2023-07-02 09:53,10.00,M
AMA,2023-07-02 10:53,8.00,M
AMA,2023-07-02 11:35,7.00,400.00
AMA,2023-07-02 11:53,6.00,M
AMA,2023-07-02 12:53,8.00,M
AMA,2023-07-02 13:53,10.00,M
AMA,2023-07-02 14:10,10.00,200.00
AMA,2023-07-02 14:53,10.00,M
AMA,2023-07-02 15:53,10.00,M
AMA,2023-07-02 16:53,10.00,M
AMA,2023-07-02 17:53,10.00,M
AMA,2023-07-02 18:53,10.00,M
AMA,2023-07-02 19:53,10.00,M
AMA,2023-07-02 20:53,10.00,M
AMA,2023-07-02 21:53,10.00,M
AMA,2023-07-02 22:53,10.00,11000.00
AMA,2023-07-02 23:53,10.00,200.00
AMA,2023-07-03 00:19,10.00,5000.00
AMA,2023-07-03 00:33,9.00,4800.00
AMA,2023-07-03 00:51,1.00,7000.00
AMA,2023-07-03 00:53,1.00,5000.00
AMA,2023-07-03 01:05,3.00,5000.00
AMA,2023-07-03 01:53,10.00,10000.00
AMA,2023-07-03 02:08,10.00,10000.00
AMA,2023-07-03 02:19,10.00,10000.00
AMA,2023-07-03 02:35,10.00,3900.00
AMA,2023-07-03 02:53,10.00,3800.00
AMA,2023-07-03 03:53,10.00,12000.00
AMA,2023-07-03 04:53,10.00,12000.00
AMA,2023-07-03 05:53,10.00,M
AMA,2023-07-03 06:53,10.00,M
AMA,2023-07-03 07:53,10.00,M
AMA,2023-07-03 08:53,10.00,M
AMA,2023-07-03 09:53,10.00,M
AMA,2023-07-03 10:53,10.00,M
AMA,2023-07-03 11:24,10.00,200.00
AMA,2023-07-03 11:53,10.00,M
AMA,2023-07-03 12:53,10.00,M
AMA,2023-07-03 13:53,10.00,M
AMA,2023-07-03 14:18,10.00,200.00
AMA,2023-07-03 14:53,10.00,M
AMA,2023-07-03 15:53,10.00,M
AMA,2023-07-03 16:53,10.00,M
AMA,2023-07-03 17:53,10.00,M
AMA,2023-07-03 18:53,10.00,M
AMA,2023-07-03 19:53,10.00,M
AMA,2023-07-03 20:53,10.00,M
AMA,2023-07-03 21:53,10.00,M
AMA,2023-07-03 22:53,10.00,M
AMA,2023-07-03 23:53,10.00,M
AMA,2023-07-04 00:53,10.00,M
AMA,2023-07-04 01:09,10.00,200.00
AMA,2023-07-04 01:53,10.00,M
AMA,2023-07-04 02:53,10.00,M
AMA,2023-07-04 03:53,10.00,M
AMA,2023-07-04 04:53,10.00,M
AMA,2023-07-04 05:53,10.00,M
AMA,2023-07-04 06:53,10.00,M
AMA,2023-07-04 07:53,10.00,M
AMA,2023-07-04 08:53,10.00,M
AMA,2023-07-04 09:53,10.00,M
AMA,2023-07-04 10:53,10.00,M
AMA,2023-07-04 11:48,10.00,100.00
AMA,2023-07-04 11:53,10.00,100.00
AMA,2023-07-04 12:53,10.00,M
AMA,2023-07-04 13:53,10.00,M
AMA,2023-07-04 14:53,10.00,M
AMA,2023-07-04 15:53,10.00,M
AMA,2023-07-04 16:53,10.00,M
AMA,2023-07-04 17:53,10.00,M
AMA,2023-07-04 18:53,10.00,M
AMA,2023-07-04 19:53,10.00,M
AMA,2023-07-04 20:53,10.00,M
AMA,2023-07-04 21:53,10.00,M
AMA,2023-07-04 22:53,10.00,M
AMA,2023-07-04 23:53,10.00,M
AMA,2023-07-05 00:42,10.00,100.00
AMA,2023-07-05 00:53,10.00,100.00
AMA,2023-07-05 01:53,10.00,200.00
AMA,2023-07-05 02:53,10.00,M
AMA,2023-07-05 03:53,10.00,M
AMA,2023-07-05 04:53,10.00,M
AMA,2023-07-05 05:53,10.00,M
AMA,2023-07-05 06:53,10.00,M
AMA,2023-07-05 07:53,10.00,M
AMA,2023-07-05 08:53,10.00,M
AMA,2023-07-05 09:53,10.00,M
AMA,2023-07-05 10:53,10.00,M
AMA,2023-07-05 11:53,10.00,M
AMA,2023-07-05 12:53,10.00,M
AMA,2023-07-05 13:53,10.00,M
AMA,2023-07-05 14:53,10.00,M
AMA,2023-07-05 15:53,10.00,M
AMA,2023-07-05 16:53,10.00,M
AMA,2023-07-05 17:53,10.00,M
AMA,2023-07-05 18:19,10.00,4100.00
AMA,2023-07-05 18:53,10.00,5500.00
AMA,2023-07-05 19:53,10.00,M
AMA,2023-07-05 20:53,10.00,7500.00
AMA,2023-07-05 21:53,10.00,M
AMA,2023-07-05 22:53,10.00,7000.00
AMA,2023-07-05 23:53,10.00,M
AMA,2023-07-06 00:49,10.00,200.00
AMA,2023-07-06 00:53,10.00,9500.00
AMA,2023-07-06 01:31,10.00,9000.00
AMA,2023-07-06 01:53,10.00,8500.00
AMA,2023-07-06 02:11,10.00,200.00
AMA,2023-07-06 02:53,10.00,M
AMA,2023-07-06 03:53,10.00,M
AMA,2023-07-06 04:53,10.00,8000.00
AMA,2023-07-06 04:56,10.00,2400.00
AMA,2023-07-06 05:02,10.00,2400.00
AMA,2023-07-06 05:28,10.00,2600.00
AMA,2023-07-06 05:41,10.00,5000.00
AMA,2023-07-06 05:53,10.00,3300.00
AMA,2023-07-06 06:11,10.00,2600.00
AMA,2023-07-06 06:25,10.00,M
AMA,2023-07-06 06:53,10.00,M
AMA,2023-07-06 07:53,10.00,M
AMA,2023-07-06 08:53,10.00,12000.00
AMA,2023-07-06 09:20,10.00,3200.00
AMA,2023-07-06 09:53,10.00,800.00
AMA,2023-07-06 10:25,10.00,900.00
AMA,2023-07-06 10:41,10.00,1000.00
AMA,2023-07-06 10:53,10.00,800.00
AMA,2023-07-06 11:53,10.00,M
AMA,2023-07-06 12:53,10.00,M
AMA,2023-07-06 13:53,10.00,200.00
AMA,2023-07-06 14:53,10.00,M
AMA,2023-07-06 15:53,10.00,11000.00
AMA,2023-07-06 16:53,10.00,M
AMA,2023-07-06 17:53,10.00,M
AMA,2023-07-06 18:53,10.00,M
AMA,2023-07-06 19:53,10.00,M
AMA,2023-07-06 20:53,10.00,M
AMA,2023-07-06 21:53,10.00,M
AMA,2023-07-06 22:53,10.00,M
AMA,2023-07-06 23:53,10.00,M
AMA,2023-07-07 00:53,10.00,M
AMA,2023-07-07 01:53,10.00,M
AMA,2023-07-07 02:08,10.00,200.00
AMA,2023-07-07 02:53,10.00,M
AMA,2023-07-07 03:53,10.00,M
AMA,2023-07-07 04:53,10.00,M
AMA,2023-07-07 05:53,10.00,M
AMA,2023-07-07 06:53,10.00,M
AMA,2023-07-07 07:53,10.00,M
AMA,2023-07-07 08:53,10.00,M
AMA,2023-07-07 09:53,10.00,M
AMA,2023-07-07 10:53,10.00,M
AMA,2023-07-07 11:53,10.00,200.00
AMA,2023-07-07 12:53,10.00,500.00
AMA,2023-07-07 13:53,10.00,900.00
AMA,2023-07-07 14:53,10.00,1000.00
AMA,2023-07-07 15:53,10.00,M
AMA,2023-07-07 16:53,10.00,M
AMA,2023-07-07 17:53,10.00,M
AMA,2023-07-07 18:53,10.00,M
AMA,2023-07-07 19:53,10.00,M
AMA,2023-07-07 20:53,10.00,M
AMA,2023-07-07 21:53,10.00,M
AMA,2023-07-07 22:53,10.00,M
AMA,2023-07-07 23:18,10.00,10000.00
AMA,2023-07-07 23:28,8.00,2000.00
AMA,2023-07-07 23:39,4.00,1500.00
AMA,2023-07-07 23:53,10.00,1500.00
AMA,2023-07-08 00:02,10.00,4100.00
AMA,2023-07-08 00:11,10.00,10000.00
AMA,2023-07-08 00:41,10.00,200.00
AMA,2023-07-08 00:53,10.00,11000.00
AMA,2023-07-08 01:04,10.00,100.00
AMA,2023-07-08 01:53,10.00,4200.00
AMA,2023-07-08 02:46,10.00,12000.00
AMA,2023-07-08 02:53,10.00,12000.00
AMA,2023-07-08 03:05,10.00,12000.00
AMA,2023-07-08 03:53,10.00,6000.00
AMA,2023-07-08 04:11,10.00,5500.00
AMA,2023-07-08 04:53,10.00,M
AMA,2023-07-08 05:53,10.00,M
AMA,2023-07-08 06:53,10.00,M
AMA,2023-07-08 07:53,9.00,6000.00
AMA,2023-07-08 08:53,10.00,11000.00
AMA,2023-07-08 09:53,10.00,11000.00
AMA,2023-07-08 10:49,10.00,11000.00
AMA,2023-07-08 10:53,10.00,10000.00
AMA,2023-07-08 11:21,10.00,10000.00
AMA,2023-07-08 11:53,10.00,10000.00
AMA,2023-07-08 12:53,10.00,11000.00
AMA,2023-07-08 13:53,10.00,9000.00
AMA,2023-07-08 14:53,10.00,M
AMA,2023-07-08 15:53,10.00,M
AMA,2023-07-08 16:53,10.00,M
AMA,2023-07-08 17:53,10.00,9000.00
AMA,2023-07-08 18:53,10.00,3400.00
AMA,2023-07-08 19:53,10.00,4300.00
AMA,2023-07-08 20:53,10.00,4700.00
AMA,2023-07-08 21:53,10.00,6000.00
AMA,2023-07-08 22:53,10.00,M
AMA,2023-07-08 23:53,10.00,6000.00
AMA,2023-07-09 00:46,10.00,200.00
AMA,2023-07-09 00:53,10.00,200.00
AMA,2023-07-09 01:53,10.00,200.00
AMA,2023-07-09 02:53,10.00,M
AMA,2023-07-09 03:37,10.00,M
AMA,2023-07-09 03:53,10.00,M
AMA,2023-07-09 04:06,10.00,M
AMA,2023-07-09 04:53,10.00,M
AMA,2023-07-09 05:53,10.00,M
AMA,2023-07-09 06:53,10.00,8500.00
AMA,2023-07-09 07:03,10.00,8500.00
AMA,2023-07-09 07:53,10.00,8000.00
AMA,2023-07-09 08:11,10.00,700.00
AMA,2023-07-09 08:53,10.00,M
AMA,2023-07-09 09:23,10.00,500.00
AMA,2023-07-09 09:53,10.00,500.00
AMA,2023-07-09 10:15,10.00,500.00
AMA,2023-07-09 10:36,10.00,600.00
AMA,2023-07-09 10:48,10.00,500.00
AMA,2023-07-09 10:53,10.00,500.00
AMA,2023-07-09 11:09,10.00,500.00
AMA,2023-07-09 11:34,10.00,2700.00
AMA,2023-07-09 11:53,10.00,2900.00
AMA,2023-07-09 12:09,10.00,3200.00
AMA,2023-07-09 12:53,10.00,M
AMA,2023-07-09 13:06,10.00,700.00
AMA,2023-07-09 13:34,10.00,600.00
AMA,2023-07-09 13:53,10.00,700.00
AMA,2023-07-09 14:36,10.00,700.00
AMA,2023-07-09 14:53,10.00,800.00
AMA,2023-07-09 15:53,10.00,1800.00
AMA,2023-07-09 16:53,10.00,1800.00
AMA,2023-07-09 17:53,10.00,2500.00
AMA,2023-07-09 18:53,10.00,2600.00
AMA,2023-07-09 19:53,10.00,1800.00
AMA,2023-07-09 20:53,10.00,2700.00
AMA,2023-07-09 21:53,10.00,2500.00
AMA,2023-07-09 22:22,10.00,3000.00
AMA,2023-07-09 22:53,10.00,3100.00
AMA,2023-07-09 23:22,10.00,2800.00
AMA,2023-07-09 23:29,10.00,3100.00
AMA,2023-07-09 23:53,10.00,3000.00
AMA,2023-07-10 00:43,10.00,100.00
AMA,2023-07-10 00:53,10.00,3200.00
AMA,2023-07-10 01:53,10.00,3100.00
AMA,2023-07-10 02:53,10.00,M
AMA,2023-07-10 03:53,10.00,M
AMA,2023-07-10 04:53,10.00,M
AMA,2023-07-10 05:53,10.00,M
AMA,2023-07-10 06:53,9.00,M
AMA,2023-07-10 07:53,9.00,M
AMA,2023-07-10 08:49,9.00,600.00
AMA,2023-07-10 08:53,8.00,600.00
AMA,2023-07-10 09:09,9.00,400.00
AMA,2023-07-10 09:28,8.00,300.00
AMA,2023-07-10 09:53,6.00,300.00
AMA,2023-07-10 10:53,10.00,300.00
AMA,2023-07-10 11:04,10.00,400.00
AMA,2023-07-10 11:53,10.00,500.00
AMA,2023-07-10 12:08,10.00,400.00
AMA,2023-07-10 12:21,10.00,500.00
AMA,2023-07-10 12:51,10.00,400.00
AMA,2023-07-10 12:53,10.00,400.00
AMA,2023-07-10 13:21,10.00,600.00
AMA,2023-07-10 13:44,10.00,700.00
AMA,2023-07-10 13:53,10.00,700.00
AMA,2023-07-10 14:18,10.00,1100.00
AMA,2023-07-10 14:48,10.00,1200.00
AMA,2023-07-10 14:53,10.00,1200.00
AMA,2023-07-10 15:53,10.00,1600.00
AMA,2023-07-10 16:53,10.00,2000.00
AMA,2023-07-10 17:53,10.00,2500.00
AMA,2023-07-10 18:27,10.00,3000.00
AMA,2023-07-10 18:53,10.00,3400.00
AMA,2023-07-10 19:53,10.00,M
AMA,2023-07-10 20:53,10.00,M
AMA,2023-07-10 21:53,10.00,M
AMA,2023-07-10 22:53,10.00,M
AMA,2023-07-10 23:53,10.00,M
AMA,2023-07-11 00:53,10.00,M
AMA,2023-07-11 01:40,10.00,100.00
AMA,2023-07-11 01:53,10.00,200.00
AMA,2023-07-11 02:53,10.00,M
AMA,2023-07-11 03:53,10.00,M
AMA,2023-07-11 04:53,10.00,M
AMA,2023-07-11 05:53,10.00,M
AMA,2023-07-11 06:53,10.00,M
AMA,2023-07-11 07:53,10.00,M
AMA,2023-07-11 08:53,10.00,M
AMA,2023-07-11 09:53,10.00,M
AMA,2023-07-11 10:53,10.00,M
AMA,2023-07-11 11:53,10.00,M
AMA,2023-07-11 12:53,10.00,M
AMA,2023-07-11 13:53,10.00,M
AMA,2023-07-11 14:53,10.00,M
AMA,2023-07-11 15:53,10.00,M
AMA,2023-07-11 16:53,10.00,M
AMA,2023-07-11 17:53,10.00,M
AMA,2023-07-11 18:53,10.00,M
AMA,2023-07-11 19:53,10.00,M
AMA,2023-07-11 20:53,10.00,M
AMA,2023-07-11 21:53,10.00,M
AMA,2023-07-11 22:53,10.00,10000.00
AMA,2023-07-11 23:53,10.00,M
AMA,2023-07-12 00:53,10.00,M
AMA,2023-07-12 01:09,10.00,M
AMA,2023-07-12 01:53,10.00,M
AMA,2023-07-12 02:53,10.00,M
AMA,2023-07-12 03:53,10.00,M
AMA,2023-07-12 04:53,10.00,M
AMA,2023-07-12 05:53,10.00,M
AMA,2023-07-12 06:53,10.00,M
AMA,2023-07-12 07:53,10.00,M
AMA,2023-07-12 08:53,10.00,M
AMA,2023-07-12 09:53,10.00,M
AMA,2023-07-12 10:53,10.00,M
AMA,2023-07-12 11:53,10.00,M
AMA,2023-07-12 12:53,10.00,M
AMA,2023-07-12 13:35,10.00,200.00
AMA,2023-07-12 13:53,10.00,M
AMA,2023-07-12 14:53,10.00,M
AMA,2023-07-12 15:53,10.00,M
AMA,2023-07-12 16:53,10.00,M
AMA,2023-07-12 17:53,10.00,M
AMA,2023-07-12 18:53,10.00,M
AMA,2023-07-12 19:53,10.00,M
AMA,2023-07-12 20:53,10.00,M
AMA,2023-07-12 21:53,10.00,M
AMA,2023-07-12 22:53,10.00,M
AMA,2023-07-12 23:53,10.00,M
AMA,2023-07-13 00:53,10.00,M
AMA,2023-07-13 01:53,10.00,M
AMA,2023-07-13 02:53,10.00,M
AMA,2023-07-13 03:53,10.00,M
AMA,2023-07-13 04:53,10.00,M
AMA,2023-07-13 05:53,10.00,M
AMA,2023-07-13 06:53,10.00,M
AMA,2023-07-13 07:53,10.00,M
AMA,2023-07-13 08:53,10.00,M
AMA,2023-07-13 09:53,10.00,M
AMA,2023-07-13 10:53,10.00,M
AMA,2023-07-13 11:53,9.00,M
AMA,2023-07-13 12:53,8.00,M
AMA,2023-07-13 13:29,8.00,M
AMA,2023-07-13 13:46,9.00,M
AMA,2023-07-13 13:53,9.00,M
AMA,2023-07-13 14:53,9.00,M
AMA,2023-07-13 15:53,10.00,M
AMA,2023-07-13 16:53,10.00,M
AMA,2023-07-13 17:53,10.00,M
AMA,2023-07-13 18:53,10.00,M
AMA,2023-07-13 19:53,10.00,M
AMA,2023-07-13 20:53,10.00,M
AMA,2023-07-13 21:50,10.00,7000.00
AMA,2023-07-13 21:53,10.00,7000.00
AMA,2023-07-13 22:28,10.00,100.00
AMA,2023-07-13 22:49,10.00,1900.00
AMA,2023-07-13 22:53,10.00,3800.00
AMA,2023-07-13 23:07,10.00,5000.00
AMA,2023-07-13 23:53,10.00,M
AMA,2023-07-14 00:07,10.00,M
AMA,2023-07-14 00:22,10.00,10000.00
AMA,2023-07-14 00:53,10.00,M
AMA,2023-07-14 01:12,10.00,200.00
AMA,2023-07-14 01:53,10.00,M
AMA,2023-07-14 02:53,10.00,11000.00
AMA,2023-07-14 03:48,10.00,2400.00
AMA,2023-07-14 03:53,10.00,2400.00
AMA,2023-07-14 04:53,10.00,12000.00
AMA,2023-07-14 05:02,10.00,12000.00
AMA,2023-07-14 05:53,10.00,M
AMA,2023-07-14 06:53,10.00,11000.00
AMA,2023-07-14 07:53,10.00,M
AMA,2023-07-14 08:00,10.00,M
AMA,2023-07-14 08:13,10.00,M
AMA,2023-07-14 08:20,10.00,M
AMA,2023-07-14 08:35,10.00,M
AMA,2023-07-14 08:53,10.00,1800.00
AMA,2023-07-14 09:10,10.00,1900.00
AMA,2023-07-14 09:53,3.00,5000.00
AMA,2023-07-14 10:53,10.00,2900.00
AMA,2023-07-14 11:17,10.00,6500.00
AMA,2023-07-14 11:53,10.00,100.00
AMA,2023-07-14 12:53,10.00,M
AMA,2023-07-14 13:12,10.00,M
AMA,2023-07-14 13:53,10.00,M
AMA,2023-07-14 14:53,10.00,M
AMA,2023-07-14 15:53,10.00,M
AMA,2023-07-14 16:53,10.00,M
AMA,2023-07-14 17:53,10.00,M
AMA,2023-07-14 18:53,10.00,M
AMA,2023-07-14 19:53,10.00,M
AMA,2023-07-14 20:53,10.00,M
AMA,2023-07-14 21:53,10.00,M
AMA,2023-07-14 22:53,10.00,M
AMA,2023-07-14 23:53,10.00,M
AMA,2023-07-15 00:53,10.00,M
AMA,2023-07-15 01:27,10.00,M
AMA,2023-07-15 01:36,10.00,200.00
AMA,2023-07-15 01:43,10.00,M
AMA,2023-07-15 01:53,10.00,M
AMA,2023-07-15 02:53,10.00,M
AMA,2023-07-15 03:53,10.00,M
AMA,2023-07-15 04:53,10.00,8000.00
AMA,2023-07-15 05:53,10.00,M
AMA,2023-07-15 06:36,10.00,7500.00
AMA,2023-07-15 06:51,10.00,7500.00
AMA,2023-07-15 06:53,10.00,7500.00
AMA,2023-07-15 07:25,10.00,5500.00
AMA,2023-07-15 07:44,10.00,6000.00
AMA,2023-07-15 07:53,10.00,5000.00
AMA,2023-07-15 08:06,10.00,4400.00
AMA,2023-07-15 08:37,10.00,M
AMA,2023-07-15 08:53,10.00,M
AMA,2023-07-15 09:14,10.00,700.00
AMA,2023-07-15 09:53,10.00,900.00
AMA,2023-07-15 10:24,10.00,800.00
AMA,2023-07-15 10:39,10.00,1000.00
AMA,2023-07-15 10:53,10.00,1400.00
AMA,2023-07-15 11:53,10.00,200.00
AMA,2023-07-15 12:44,10.00,700.00
AMA,2023-07-15 12:53,10.00,700.00
AMA,2023-07-15 13:14,10.00,800.00
AMA,2023-07-15 13:19,10.00,700.00
AMA,2023-07-15 13:40,10.00,M
AMA,2023-07-15 13:53,10.00,M
AMA,2023-07-15 14:53,10.00,M
AMA,2023-07-15 15:53,10.00,1900.00
AMA,2023-07-15 16:16,10.00,1700.00
AMA,2023-07-15 16:53,10.00,2000.00
AMA,2023-07-15 17:53,10.00,2700.00
AMA,2023-07-15 18:35,10.00,2800.00
AMA,2023-07-15 18:53,10.00,M
AMA,2023-07-15 19:53,10.00,3400.00
AMA,2023-07-15 20:53,10.00,4100.00
AMA,2023-07-15 21:53,10.00,4700.00
AMA,2023-07-15 22:53,10.00,M
AMA,2023-07-15 23:53,10.00,5000.00
AMA,2023-07-16 00:53,10.00,M
AMA,2023-07-16 01:53,10.00,M
AMA,2023-07-16 02:53,10.00,M
AMA,2023-07-16 03:53,10.00,8000.00
AMA,2023-07-16 03:58,10.00,9000.00
AMA,2023-07-16 04:53,10.00,6000.00
AMA,2023-07-16 05:10,10.00,6000.00
AMA,2023-07-16 05:41,10.00,11000.00
AMA,2023-07-16 05:49,10.00,6500.00
AMA,2023-07-16 05:53,10.00,6000.00
AMA,2023-07-16 06:53,10.00,M
AMA,2023-07-16 07:53,10.00,M
AMA,2023-07-16 08:53,10.00,M
AMA,2023-07-16 09:53,10.00,M
AMA,2023-07-16 10:53,10.00,M
AMA,2023-07-16 11:53,10.00,M
AMA,2023-07-16 12:53,10.00,M
AMA,2023-07-16 13:53,10.00,M
AMA,2023-07-16 14:53,10.00,M
AMA,2023-07-16 15:53,10.00,M
AMA,2023-07-16 16:53,10.00,M
AMA,2023-07-16 17:53,10.00,M
AMA,2023-07-16 18:53,10.00,M
AMA,2023-07-16 19:53,10.00,M
AMA,2023-07-16 20:53,10.00,M
AMA,2023-07-16 21:53,10.00,M
AMA,2023-07-16 22:53,10.00,M
AMA,2023-07-16 23:53,10.00,M
AMA,2023-07-17 00:53,10.00,M
AMA,2023-07-17 01:53,10.00,M
AMA,2023-07-17 02:53,10.00,M
AMA,2023-07-17 03:53,10.00,M
AMA,2023-07-17 04:53,10.00,M
AMA,2023-07-17 05:53,10.00,M
AMA,2023-07-17 06:53,10.00,M
AMA,2023-07-17 07:53,10.00,M
AMA,2023-07-17 08:53,10.00,M
AMA,2023-07-17 09:53,10.00,M
AMA,2023-07-17 10:53,10.00,M
AMA,2023-07-17 11:53,10.00,M
AMA,2023-07-17 12:53,10.00,M
AMA,2023-07-17 13:53,10.00,M
AMA,2023-07-17 14:53,10.00,M
AMA,2023-07-17 15:53,10.00,M
AMA,2023-07-17 16:53,10.00,M
AMA,2023-07-17 17:53,10.00,M
AMA,2023-07-17 18:53,10.00,M
AMA,2023-07-17 19:53,10.00,M
AMA,2023-07-17 20:53,10.00,M
AMA,2023-07-17 21:53,10.00,M
AMA,2023-07-17 22:53,10.00,M
AMA,2023-07-17 23:53,10.00,M
AMA,2023-07-18 00:53,10.00,M
AMA,2023-07-18 01:53,10.00,M
AMA,2023-07-18 02:53,10.00,M
AMA,2023-07-18 03:53,10.00,M
AMA,2023-07-18 04:53,10.00,M
AMA,2023-07-18 05:53,10.00,M
AMA,2023-07-18 06:53,10.00,M
AMA,2023-07-18 07:53,10.00,M
AMA,2023-07-18 08:53,10.00,M
AMA,2023-07-18 09:53,10.00,M
AMA,2023-07-18 10:53,10.00,M
AMA,2023-07-18 11:53,10.00,M
AMA,2023-07-18 12:53,10.00,M
AMA,2023-07-18 13:53,10.00,M
AMA,2023-07-18 14:53,10.00,M
AMA,2023-07-18 15:53,10.00,M
AMA,2023-07-18 16:53,10.00,M
AMA,2023-07-18 17:53,10.00,M
AMA,2023-07-18 18:53,10.00,M
AMA,2023-07-18 19:53,10.00,M
AMA,2023-07-18 20:53,10.00,M
AMA,2023-07-18 21:53,10.00,M
AMA,2023-07-18 22:53,10.00,M
AMA,2023-07-18 23:53,10.00,M
AMA,2023-07-19 00:53,10.00,M
AMA,2023-07-19 01:53,10.00,M
AMA,2023-07-19 02:53,10.00,M
AMA,2023-07-19 03:53,10.00,M
AMA,2023-07-19 04:53,10.00,M
AMA,2023-07-19 05:53,10.00,M
AMA,2023-07-19 06:53,10.00,M
AMA,2023-07-19 07:53,10.00,M
AMA,2023-07-19 08:53,10.00,M
AMA,2023-07-19 09:53,10.00,M
AMA,2023-07-19 10:53,10.00,M
AMA,2023-07-19 11:53,10.00,M
AMA,2023-07-19 12:53,10.00,M
AMA,2023-07-19 13:53,10.00,M
AMA,2023-07-19 14:53,10.00,M
AMA,2023-07-19 15:53,10.00,M
AMA,2023-07-19 16:53,10.00,M
AMA,2023-07-19 17:53,10.00,M
AMA,2023-07-19 18:53,10.00,M
AMA,2023-07-19 19:53,10.00,M
AMA,2023-07-19 20:53,10.00,M
AMA,2023-07-19 21:53,10.00,M
AMA,2023-07-19 22:53,10.00,M
AMA,2023-07-19 23:53,10.00,M
AMA,2023-07-20 00:53,10.00,M
AMA,2023-07-20 01:53,10.00,M
AMA,2023-07-20 02:53,10.00,M
AMA,2023-07-20 03:53,10.00,M
AMA,2023-07-20 04:53,10.00,M
AMA,2023-07-20 05:53,10.00,M
AMA,2023-07-20 06:53,10.00,M
AMA,2023-07-20 07:53,10.00,M
AMA,2023-07-20 08:53,10.00,10000.00
AMA,2023-07-20 09:53,10.00,7500.00
AMA,2023-07-20 10:53,10.00,1500.00
AMA,2023-07-20 11:53,10.00,M
AMA,2023-07-20 12:36,8.00,1200.00
AMA,2023-07-20 12:53,9.00,1200.00
AMA,2023-07-20 13:01,10.00,1200.00
AMA,2023-07-20 13:43,10.00,1700.00
AMA,2023-07-20 13:53,10.00,1700.00
AMA,2023-07-20 14:53,10.00,M
AMA,2023-07-20 15:53,10.00,M
AMA,2023-07-20 16:53,10.00,M
AMA,2023-07-20 17:53,10.00,M
AMA,2023-07-20 18:53,10.00,M
AMA,2023-07-20 19:53,10.00,M
AMA,2023-07-20 20:53,10.00,M
AMA,2023-07-20 21:53,10.00,M
AMA,2023-07-20 22:53,10.00,M
AMA,2023-07-20 23:53,10.00,M
AMA,2023-07-21 00:53,10.00,M
AMA,2023-07-21 01:53,10.00,M
AMA,2023-07-21 02:53,10.00,M
AMA,2023-07-21 03:53,10.00,M
AMA,2023-07-21 04:53,10.00,M
AMA,2023-07-21 05:53,10.00,M
AMA,2023-07-21 06:53,10.00,M
AMA,2023-07-21 07:53,10.00,M
AMA,2023-07-21 08:53,10.00,M
AMA,2023-07-21 09:12,10.00,900.00
AMA,2023-07-21 09:19,10.00,900.00
AMA,2023-07-21 09:31,10.00,1100.00
AMA,2023-07-21 09:53,10.00,1500.00
AMA,2023-07-21 10:53,10.00,3600.00
AMA,2023-07-21 11:53,10.00,M
AMA,2023-07-21 12:53,10.00,M
AMA,2023-07-21 13:53,10.00,M
AMA,2023-07-21 14:53,10.00,M
AMA,2023-07-21 15:53,10.00,M
AMA,2023-07-21 16:53,10.00,M
AMA,2023-07-21 17:53,10.00,3200.00
AMA,2023-07-21 18:53,10.00,3500.00
AMA,2023-07-21 19:53,10.00,3800.00
AMA,2023-07-21 20:53,10.00,4300.00
AMA,2023-07-21 21:53,10.00,M
AMA,2023-07-21 22:53,10.00,M
AMA,2023-07-21 23:53,10.00,7000.00
AMA,2023-07-22 00:53,10.00,M
AMA,2023-07-22 01:53,10.00,M
AMA,2023-07-22 02:53,10.00,M
AMA,2023-07-22 03:53,10.00,M
AMA,2023-07-22 04:53,10.00,M
AMA,2023-07-22 05:53,10.00,M
AMA,2023-07-22 06:53,10.00,M
AMA,2023-07-22 07:53,10.00,M
AMA,2023-07-22 08:53,10.00,M
AMA,2023-07-22 09:53,10.00,M
AMA,2023-07-22 10:53,10.00,M
AMA,2023-07-22 11:53,10.00,M
AMA,2023-07-22 12:53,10.00,M
AMA,2023-07-22 13:53,10.00,M
AMA,2023-07-22 14:53,10.00,5500.00
AMA,2023-07-22 15:53,10.00,M
AMA,2023-07-22 16:53,10.00,M
AMA,2023-07-22 17:53,10.00,M
AMA,2023-07-22 18:53,10.00,M
AMA,2023-07-22 19:53,10.00,5500.00
AMA,2023-07-22 20:53,10.00,6500.00
AMA,2023-07-22 21:53,10.00,M
AMA,2023-07-22 22:53,10.00,7000.00
AMA,2023-07-22 23:53,10.00,7000.00
AMA,2023-07-23 00:53,10.00,M
AMA,2023-07-23 01:53,10.00,200.00
AMA,2023-07-23 02:53,10.00,M
AMA,2023-07-23 03:53,10.00,M
AMA,2023-07-23 04:53,10.00,M
AMA,2023-07-23 05:53,10.00,M
AMA,2023-07-23 06:53,10.00,11000.00
AMA,2023-07-23 07:53,10.00,M
AMA,2023-07-23 08:06,10.00,M
AMA,2023-07-23 08:27,10.00,11000.00
AMA,2023-07-23 08:53,10.00,7000.00
AMA,2023-07-23 09:12,10.00,7000.00
AMA,2023-07-23 09:53,10.00,9500.00
AMA,2023-07-23 10:01,10.00,9500.00
AMA,2023-07-23 10:53,10.00,M
AMA,2023-07-23 11:19,10.00,M
AMA,2023-07-23 11:39,10.00,M
AMA,2023-07-23 11:53,10.00,M
AMA,2023-07-23 12:53,10.00,M
AMA,2023-07-23 13:53,10.00,M
AMA,2023-07-23 14:53,10.00,M
AMA,2023-07-23 15:53,10.00,M
AMA,2023-07-23 16:53,10.00,M
AMA,2023-07-23 17:53,10.00,M
AMA,2023-07-23 18:53,10.00,M
AMA,2023-07-23 19:53,10.00,M
AMA,2023-07-23 20:53,10.00,M
AMA,2023-07-23 21:53,10.00,M
AMA,2023-07-23 22:53,10.00,11000.00
AMA,2023-07-23 23:53,10.00,M
AMA,2023-07-24 00:53,10.00,M
AMA,2023-07-24 01:53,10.00,M
AMA,2023-07-24 14:53,10.00,M
AMA,2023-07-24 15:53,10.00,M
AMA,2023-07-24 16:53,10.00,M
AMA,2023-07-24 21:53,10.00,M
AMA,2023-07-24 22:53,10.00,M
AMA,2023-07-24 23:53,10.00,M
AMA,2023-07-25 00:53,10.00,M
AMA,2023-07-25 01:53,10.00,M
AMA,2023-07-25 02:53,10.00,M
AMA,2023-07-25 03:53,10.00,M
AMA,2023-07-25 04:53,10.00,M
AMA,2023-07-25 05:53,10.00,M
AMA,2023-07-25 06:53,10.00,M
AMA,2023-07-25 07:53,10.00,M
AMA,2023-07-25 08:53,10.00,M
AMA,2023-07-25 09:53,10.00,M
AMA,2023-07-25 10:53,10.00,M
AMA,2023-07-25 11:53,10.00,M
AMA,2023-07-25 12:53,10.00,M
AMA,2023-07-25 13:53,10.00,M
AMA,2023-07-25 14:53,10.00,M
AMA,2023-07-25 15:53,10.00,M
AMA,2023-07-25 16:53,10.00,M
AMA,2023-07-25 17:53,10.00,M
AMA,2023-07-25 18:53,10.00,M
AMA,2023-07-25 19:53,10.00,M
AMA,2023-07-25 20:53,10.00,M
AMA,2023-07-25 21:53,10.00,M
AMA,2023-07-25 22:53,10.00,M
AMA,2023-07-25 23:53,10.00,M
AMA,2023-07-26 00:53,10.00,M
AMA,2023-07-26 01:53,10.00,M
AMA,2023-07-26 02:53,10.00,M
AMA,2023-07-26 03:53,10.00,M
AMA,2023-07-26 04:53,10.00,M
AMA,2023-07-26 05:53,10.00,M
AMA,2023-07-26 07:53,10.00,M
AMA,2023-07-26 08:53,10.00,M
AMA,2023-07-26 09:53,10.00,M
AMA,2023-07-26 10:53,10.00,M
AMA,2023-07-26 11:53,10.00,M
AMA,2023-07-26 12:53,10.00,M
AMA,2023-07-26 13:53,10.00,M
AMA,2023-07-26 14:53,10.00,M
AMA,2023-07-26 15:53,10.00,M
AMA,2023-07-26 16:53,10.00,M
AMA,2023-07-26 17:53,10.00,M
AMA,2023-07-26 18:53,10.00,M
AMA,2023-07-26 19:53,10.00,M
AMA,2023-07-26 20:53,10.00,M
AMA,2023-07-26 21:53,10.00,M
AMA,2023-07-26 22:53,10.00,M
AMA,2023-07-26 23:53,10.00,M
AMA,2023-07-27 00:53,10.00,M
AMA,2023-07-27 01:53,10.00,M
AMA,2023-07-27 02:53,10.00,M
AMA,2023-07-27 03:53,10.00,M
AMA,2023-07-27 04:53,10.00,M
AMA,2023-07-27 05:53,10.00,M
AMA,2023-07-27 06:53,10.00,M
AMA,2023-07-27 07:53,10.00,M
AMA,2023-07-27 08:53,10.00,M
AMA,2023-07-27 09:53,10.00,M
AMA,2023-07-27 10:53,10.00,M
AMA,2023-07-27 11:53,10.00,M
AMA,2023-07-27 12:53,10.00,M
AMA,2023-07-27 13:53,10.00,M
AMA,2023-07-27 14:53,10.00,M
AMA,2023-07-27 15:53,10.00,M
AMA,2023-07-27 16:53,10.00,M
AMA,2023-07-27 17:53,10.00,M
AMA,2023-07-27 18:53,10.00,M
AMA,2023-07-27 19:53,10.00,M
AMA,2023-07-27 20:53,10.00,M
AMA,2023-07-27 21:53,10.00,M
AMA,2023-07-27 22:53,10.00,M
AMA,2023-07-27 23:53,10.00,M
AMA,2023-07-28 00:53,10.00,M
AMA,2023-07-28 01:53,10.00,M
AMA,2023-07-28 02:53,10.00,M
AMA,2023-07-28 03:53,10.00,M
AMA,2023-07-28 04:53,10.00,M
AMA,2023-07-28 05:53,10.00,M
AMA,2023-07-28 06:53,10.00,M
AMA,2023-07-28 07:53,10.00,M
AMA,2023-07-28 08:53,10.00,M
AMA,2023-07-28 09:53,10.00,M
AMA,2023-07-28 10:53,10.00,M
AMA,2023-07-28 11:53,10.00,M
AMA,2023-07-28 12:53,10.00,M
AMA,2023-07-28 13:53,10.00,7500.00
AMA,2023-07-28 14:53,10.00,M
AMA,2023-07-28 15:53,10.00,M
AMA,2023-07-28 16:53,10.00,M
AMA,2023-07-28 17:53,10.00,M
AMA,2023-07-28 18:53,10.00,M
AMA,2023-07-28 19:53,10.00,M
AMA,2023-07-28 20:53,10.00,M
AMA,2023-07-28 21:53,10.00,M
AMA,2023-07-28 22:53,10.00,M
AMA,2023-07-28 23:53,10.00,M
AMA,2023-07-29 00:53,10.00,M
AMA,2023-07-29 01:53,10.00,M
AMA,2023-07-29 02:53,10.00,M
AMA,2023-07-29 03:53,10.00,M
AMA,2023-07-29 04:53,10.00,M
AMA,2023-07-29 05:53,10.00,M
AMA,2023-07-29 06:53,10.00,M
AMA,2023-07-29 07:53,10.00,M
AMA,2023-07-29 08:53,10.00,M
AMA,2023-07-29 09:53,10.00,M
AMA,2023-07-29 10:53,10.00,M
AMA,2023-07-29 11:53,10.00,11000.00
AMA,2023-07-29 12:53,10.00,6000.00
AMA,2023-07-29 13:53,10.00,M
AMA,2023-07-29 14:53,10.00,M
AMA,2023-07-29 15:53,10.00,M
AMA,2023-07-29 16:53,10.00,M
AMA,2023-07-29 17:53,10.00,M
AMA,2023-07-29 18:53,10.00,M
AMA,2023-07-29 19:53,10.00,M
AMA,2023-07-29 20:53,10.00,M
AMA,2023-07-29 21:53,10.00,10000.00
AMA,2023-07-29 22:53,10.00,10000.00
AMA,2023-07-29 23:53,10.00,10000.00
AMA,2023-07-30 00:53,10.00,M
AMA,2023-07-30 01:53,10.00,M
AMA,2023-07-30 02:53,10.00,M
AMA,2023-07-30 03:53,10.00,M
AMA,2023-07-30 04:53,10.00,M
AMA,2023-07-30 05:53,10.00,M
AMA,2023-07-30 06:53,10.00,M
AMA,2023-07-30 07:53,10.00,M
AMA,2023-07-30 08:53,10.00,M
AMA,2023-07-30 09:53,10.00,M
AMA,2023-07-30 10:53,10.00,M
AMA,2023-07-30 11:53,10.00,M
AMA,2023-07-30 12:53,10.00,M
AMA,2023-07-30 13:53,10.00,M
AMA,2023-07-30 14:53,10.00,M
AMA,2023-07-30 15:53,10.00,M
AMA,2023-07-30 16:53,10.00,M
AMA,2023-07-30 17:53,10.00,M
AMA,2023-07-30 18:53,10.00,M
AMA,2023-07-30 19:53,10.00,M
AMA,2023-07-30 20:53,10.00,M
AMA,2023-07-30 21:53,10.00,M
AMA,2023-07-30 22:53,10.00,M
AMA,2023-07-30 23:53,10.00,M
AMA,2023-07-31 00:53,10.00,M
AMA,2023-07-31 01:53,10.00,M
AMA,2023-07-31 02:53,10.00,M
AMA,2023-07-31 03:53,10.00,M
AMA,2023-07-31 04:53,10.00,M
AMA,2023-07-31 05:53,10.00,M
AMA,2023-07-31 06:53,10.00,M
AMA,2023-07-31 07:53,10.00,M
AMA,2023-07-31 08:53,10.00,M
AMA,2023-07-31 09:53,10.00,M
AMA,2023-07-31 10:53,10.00,M
AMA,2023-07-31 11:53,10.00,M
AMA,2023-07-31 12:53,10.00,M
AMA,2023-07-31 13:53,10.00,M
AMA,2023-07-31 14:53,10.00,M
AMA,2023-07-31 15:53,10.00,M
AMA,2023-07-31 16:53,10.00,M
AMA,2023-07-31 17:53,10.00,M
AMA,2023-07-31 18:53,10.00,M
AMA,2023-07-31 19:53,10.00,M
AMA,2023-07-31 20:53,10.00,M
AMA,2023-07-31 21:53,10.00,M
AMA,2023-07-31 22:53,10.00,M
AMA,2023-07-31 23:53,10.00,M
AMA,2023-08-01 00:53,10.00,M
AMA,2023-08-01 01:53,10.00,M
AMA,2023-08-01 02:53,10.00,M
AMA,2023-08-01 03:53,10.00,M
AMA,2023-08-01 04:53,10.00,M
AMA,2023-08-01 05:53,10.00,M
AMA,2023-08-01 06:53,10.00,M
AMA,2023-08-01 07:53,10.00,M
AMA,2023-08-01 08:53,10.00,10000.00
AMA,2023-08-01 09:53,10.00,11000.00
AMA,2023-08-01 10:53,10.00,M
AMA,2023-08-01 11:53,10.00,M
AMA,2023-08-01 12:53,10.00,M
AMA,2023-08-01 13:53,10.00,M
AMA,2023-08-01 14:53,10.00,M
AMA,2023-08-01 15:53,10.00,M
AMA,2023-08-01 16:53,10.00,M
AMA,2023-08-01 17:53,10.00,M
AMA,2023-08-01 18:53,10.00,8500.00
AMA,2023-08-01 19:53,10.00,9000.00
AMA,2023-08-01 20:53,10.00,9000.00
AMA,2023-08-01 21:53,10.00,9000.00
AMA,2023-08-01 22:53,10.00,9500.00
AMA,2023-08-01 23:53,10.00,M
AMA,2023-08-02 00:53,10.00,M
AMA,2023-08-02 01:53,10.00,M
AMA,2023-08-02 02:53,10.00,M
AMA,2023-08-02 03:53,10.00,M
AMA,2023-08-02 04:53,10.00,M
AMA,2023-08-02 05:53,10.00,M
AMA,2023-08-02 06:53,10.00,M
AMA,2023-08-02 07:53,10.00,M
AMA,2023-08-02 08:53,10.00,M
AMA,2023-08-02 09:53,10.00,M
AMA,2023-08-02 10:53,10.00,M
AMA,2023-08-02 11:53,10.00,M
AMA,2023-08-02 12:53,10.00,M
AMA,2023-08-02 13:53,10.00,M
AMA,2023-08-02 14:53,10.00,M
AMA,2023-08-02 15:53,10.00,M
AMA,2023-08-02 16:53,10.00,M
AMA,2023-08-02 17:53,10.00,M
AMA,2023-08-02 18:53,10.00,M
AMA,2023-08-02 19:53,10.00,9000.00
AMA,2023-08-02 19:57,10.00,9000.00
AMA,2023-08-02 20:53,10.00,M
AMA,2023-08-02 21:53,10.00,10000.00
AMA,2023-08-02 22:53,10.00,M
AMA,2023-08-02 23:53,10.00,M
AMA,2023-08-03 00:53,10.00,M
AMA,2023-08-03 01:53,10.00,M
AMA,2023-08-03 02:53,10.00,M
AMA,2023-08-03 03:53,10.00,M
AMA,2023-08-03 04:53,10.00,M
AMA,2023-08-03 05:53,10.00,M
AMA,2023-08-03 06:53,10.00,11000.00
AMA,2023-08-03 07:53,10.00,11000.00
AMA,2023-08-03 08:53,10.00,11000.00
AMA,2023-08-03 09:53,10.00,6500.00
AMA,2023-08-03 10:53,10.00,6500.00
AMA,2023-08-03 11:53,10.00,11000.00
AMA,2023-08-03 12:53,10.00,5000.00
AMA,2023-08-03 13:05,10.00,5000.00
AMA,2023-08-03 13:27,1.75,6000.00
AMA,2023-08-03 13:31,4.00,3100.00
AMA,2023-08-03 13:53,10.00,6500.00
AMA,2023-08-03 14:15,10.00,10000.00
AMA,2023-08-03 14:53,10.00,M
AMA,2023-08-03 15:53,10.00,M
AMA,2023-08-03 16:53,10.00,M
AMA,2023-08-03 17:53,10.00,M
AMA,2023-08-03 18:53,10.00,M
AMA,2023-08-03 19:53,10.00,12000.00
AMA,2023-08-03 20:53,10.00,M
AMA,2023-08-03 21:32,10.00,M
AMA,2023-08-03 21:53,10.00,M
AMA,2023-08-03 22:53,10.00,M
AMA,2023-08-03 23:53,10.00,11000.00
AMA,2023-08-04 00:53,10.00,M
AMA,2023-08-04 01:53,10.00,M
AMA,2023-08-04 02:53,10.00,M
AMA,2023-08-04 03:53,10.00,M
AMA,2023-08-04 04:53,10.00,M
AMA,2023-08-04 05:53,10.00,M
AMA,2023-08-04 06:53,10.00,M
AMA,2023-08-04 07:53,10.00,M
AMA,2023-08-04 08:53,10.00,M
AMA,2023-08-04 09:53,10.00,M
AMA,2023-08-04 10:18,10.00,M
AMA,2023-08-04 10:53,10.00,11000.00
AMA,2023-08-04 11:06,10.00,10000.00
AMA,2023-08-04 11:13,10.00,7500.00
AMA,2023-08-04 11:28,10.00,7500.00
AMA,2023-08-04 11:38,10.00,10000.00
AMA,2023-08-04 11:53,10.00,11000.00
AMA,2023-08-04 12:53,10.00,M
AMA,2023-08-04 13:53,10.00,M
AMA,2023-08-04 14:53,10.00,M
AMA,2023-08-04 15:53,10.00,M
AMA,2023-08-04 16:53,10.00,M
AMA,2023-08-04 17:53,10.00,M
AMA,2023-08-04 18:53,10.00,M
AMA,2023-08-04 19:53,10.00,M
AMA,2023-08-04 20:53,10.00,M
AMA,2023-08-04 21:53,10.00,M
AMA,2023-08-04 22:53,10.00,M
AMA,2023-08-04 23:53,10.00,M
AMA,2023-08-05 00:53,10.00,M
AMA,2023-08-05 01:53,10.00,M
AMA,2023-08-05 02:53,10.00,M
AMA,2023-08-05 03:53,10.00,M
AMA,2023-08-05 04:53,10.00,M
AMA,2023-08-05 05:53,10.00,M
AMA,2023-08-05 06:53,10.00,M
AMA,2023-08-05 07:53,10.00,M
AMA,2023-08-05 08:53,10.00,M
AMA,2023-08-05 09:53,10.00,M
AMA,2023-08-05 10:53,10.00,M
AMA,2023-08-05 11:53,10.00,5500.00
AMA,2023-08-05 12:53,10.00,M
AMA,2023-08-05 13:53,10.00,M
AMA,2023-08-05 14:53,10.00,M
AMA,2023-08-05 15:53,10.00,M
AMA,2023-08-05 16:53,10.00,M
AMA,2023-08-05 17:53,10.00,12000.00
AMA,2023-08-05 18:53,10.00,M
AMA,2023-08-05 19:53,10.00,M
AMA,2023-08-05 20:12,10.00,M
AMA,2023-08-05 20:31,10.00,7500.00
AMA,2023-08-05 20:53,10.00,7500.00
AMA,2023-08-05 21:25,5.00,6500.00
AMA,2023-08-05 21:53,10.00,6000.00
AMA,2023-08-05 22:00,10.00,M
AMA,2023-08-05 22:53,10.00,M
AMA,2023-08-05 23:53,10.00,M
AMA,2023-08-06 00:53,10.00,M
AMA,2023-08-06 01:53,10.00,M
AMA,2023-08-06 02:53,10.00,M
AMA,2023-08-06 03:53,10.00,M
AMA,2023-08-06 04:53,10.00,M
AMA,2023-08-06 05:53,10.00,M
AMA,2023-08-06 06:53,10.00,M
AMA,2023-08-06 07:53,10.00,M
AMA,2023-08-06 08:53,10.00,M
AMA,2023-08-06 09:53,10.00,M
AMA,2023-08-06 10:53,10.00,M
AMA,2023-08-06 11:53,10.00,M
AMA,2023-08-06 12:53,10.00,M
AMA,2023-08-06 13:53,10.00,1100.00
AMA,2023-08-06 14:53,10.00,1200.00
AMA,2023-08-06 15:26,10.00,1800.00
AMA,2023-08-06 15:53,10.00,2000.00
AMA,2023-08-06 16:53,10.00,2400.00
AMA,2023-08-06 17:53,10.00,3000.00
AMA,2023-08-06 18:53,10.00,3500.00
AMA,2023-08-06 19:53,10.00,3900.00
AMA,2023-08-06 20:53,10.00,M
AMA,2023-08-06 21:53,10.00,M
AMA,2023-08-06 22:53,10.00,M
AMA,2023-08-06 23:53,10.00,M
AMA,2023-08-07 00:53,10.00,M
AMA,2023-08-07 01:53,10.00,M
AMA,2023-08-07 02:53,10.00,M
AMA,2023-08-07 03:53,10.00,M
AMA,2023-08-07 04:53,10.00,M
AMA,2023-08-07 05:53,10.00,M
AMA,2023-08-07 06:53,10.00,M
AMA,2023-08-07 07:53,10.00,4200.00
AMA,2023-08-07 08:53,10.00,M
AMA,2023-08-07 09:53,10.00,M
AMA,2023-08-07 10:53,10.00,4000.00
AMA,2023-08-07 11:53,10.00,4800.00
AMA,2023-08-07 12:53,10.00,M
AMA,2023-08-07 13:53,10.00,M
AMA,2023-08-07 14:53,10.00,M
AMA,2023-08-07 15:53,10.00,M
AMA,2023-08-07 16:53,10.00,M
AMA,2023-08-07 17:53,10.00,M
AMA,2023-08-07 18:53,10.00,M
AMA,2023-08-07 19:53,10.00,M
AMA,2023-08-07 20:53,10.00,M
AMA,2023-08-07 21:53,10.00,M
AMA,2023-08-07 22:53,10.00,M
AMA,2023-08-07 23:53,10.00,11000.00
AMA,2023-08-08 00:53,10.00,M
AMA,2023-08-08 01:53,10.00,M
AMA,2023-08-08 02:53,10.00,M
AMA,2023-08-08 03:53,10.00,M
AMA,2023-08-08 04:53,10.00,M
AMA,2023-08-08 05:53,10.00,M
AMA,2023-08-08 06:53,10.00,M
AMA,2023-08-08 07:53,10.00,M
AMA,2023-08-08 08:53,10.00,M
AMA,2023-08-08 09:53,10.00,M
AMA,2023-08-08 10:53,10.00,M
AMA,2023-08-08 11:53,10.00,M
AMA,2023-08-08 12:53,10.00,M
AMA,2023-08-08 13:53,10.00,M
AMA,2023-08-08 14:53,10.00,M
AMA,2023-08-08 15:53,10.00,M
AMA,2023-08-08 16:53,10.00,M
AMA,2023-08-08 17:53,10.00,M
AMA,2023-08-08 18:53,10.00,M
AMA,2023-08-08 19:53,10.00,M
AMA,2023-08-08 20:53,10.00,M
AMA,2023-08-08 21:53,10.00,M
AMA,2023-08-08 22:53,10.00,M
AMA,2023-08-08 23:53,10.00,M
AMA,2023-08-09 00:53,10.00,M
AMA,2023-08-09 01:05,10.00,M
AMA,2023-08-09 01:30,10.00,10000.00
AMA,2023-08-09 01:53,10.00,10000.00
AMA,2023-08-09 02:04,10.00,9000.00
AMA,2023-08-09 02:53,10.00,5500.00
AMA,2023-08-09 03:53,10.00,M
AMA,2023-08-09 04:53,10.00,M
AMA,2023-08-09 05:53,10.00,M
AMA,2023-08-09 06:53,10.00,M
AMA,2023-08-09 07:53,10.00,M
AMA,2023-08-09 08:53,10.00,M
AMA,2023-08-09 09:53,10.00,M
AMA,2023-08-09 10:53,10.00,M
AMA,2023-08-09 11:53,10.00,M
AMA,2023-08-09 12:53,10.00,M
AMA,2023-08-09 13:53,10.00,M
AMA,2023-08-09 14:53,10.00,M
AMA,2023-08-09 15:53,10.00,M
AMA,2023-08-09 16:53,10.00,M
AMA,2023-08-09 17:53,10.00,M
AMA,2023-08-09 18:53,10.00,M
AMA,2023-08-09 19:53,10.00,M
AMA,2023-08-09 20:53,10.00,M
AMA,2023-08-09 21:53,10.00,M
AMA,2023-08-09 22:53,10.00,M
AMA,2023-08-09 23:53,10.00,M
AMA,2023-08-10 00:53,10.00,M
AMA,2023-08-10 01:53,10.00,M
AMA,2023-08-10 02:53,10.00,M
AMA,2023-08-10 03:53,10.00,M
AMA,2023-08-10 04:53,10.00,M
AMA,2023-08-10 05:53,10.00,M
AMA,2023-08-10 06:53,10.00,M
AMA,2023-08-10 07:53,10.00,M
AMA,2023-08-10 08:53,10.00,M
AMA,2023-08-10 09:53,10.00,M
AMA,2023-08-10 10:53,10.00,M
AMA,2023-08-10 11:53,10.00,M
AMA,2023-08-10 12:53,10.00,M
AMA,2023-08-10 13:53,10.00,M
AMA,2023-08-10 14:53,10.00,M
AMA,2023-08-10 15:53,10.00,M
AMA,2023-08-10 16:53,10.00,M
AMA,2023-08-10 17:53,10.00,M
AMA,2023-08-10 18:53,10.00,M
AMA,2023-08-10 19:53,10.00,M
AMA,2023-08-10 20:53,10.00,M
AMA,2023-08-10 21:53,10.00,M
AMA,2023-08-10 22:53,10.00,M
AMA,2023-08-10 23:53,10.00,M
AMA,2023-08-11 00:53,10.00,M
AMA,2023-08-11 01:53,10.00,M
AMA,2023-08-11 02:53,10.00,M
AMA,2023-08-11 03:53,10.00,M
AMA,2023-08-11 04:53,10.00,M
AMA,2023-08-11 05:53,10.00,M
AMA,2023-08-11 06:53,10.00,M
AMA,2023-08-11 07:53,10.00,M
AMA,2023-08-11 08:53,10.00,M
AMA,2023-08-11 09:53,10.00,M
AMA,2023-08-11 10:53,10.00,M
AMA,2023-08-11 11:53,10.00,M
AMA,2023-08-11 12:53,10.00,M
AMA,2023-08-11 13:53,10.00,M
AMA,2023-08-11 14:53,10.00,M
AMA,2023-08-11 15:53,10.00,M
AMA,2023-08-11 16:53,10.00,M
AMA,2023-08-11 17:53,10.00,M
AMA,2023-08-11 18:53,10.00,M
AMA,2023-08-11 19:53,10.00,M
AMA,2023-08-11 20:53,10.00,M
AMA,2023-08-11 21:53,10.00,M
AMA,2023-08-11 22:53,10.00,M
AMA,2023-08-11 23:53,10.00,M
AMA,2023-08-12 00:53,10.00,M
AMA,2023-08-12 01:53,10.00,M
AMA,2023-08-12 02:53,10.00,M
AMA,2023-08-12 03:53,10.00,M
AMA,2023-08-12 04:53,10.00,M
AMA,2023-08-12 05:53,10.00,M
AMA,2023-08-12 06:53,10.00,M
AMA,2023-08-12 07:53,10.00,M
AMA,2023-08-12 08:53,10.00,M
AMA,2023-08-12 09:53,10.00,M
AMA,2023-08-12 10:53,10.00,M
AMA,2023-08-12 11:53,10.00,M
AMA,2023-08-12 12:53,10.00,M
AMA,2023-08-12 13:53,10.00,M
AMA,2023-08-12 14:53,10.00,M
AMA,2023-08-12 15:53,10.00,M
AMA,2023-08-12 16:22,10.00,M
AMA,2023-08-12 16:51,10.00,M
AMA,2023-08-12 16:53,10.00,M
AMA,2023-08-12 17:53,10.00,M
AMA,2023-08-12 18:53,10.00,M
AMA,2023-08-12 19:45,10.00,M
AMA,2023-08-12 19:53,10.00,M
AMA,2023-08-12 20:00,10.00,M
AMA,2023-08-12 20:22,10.00,M
AMA,2023-08-12 20:48,10.00,M
AMA,2023-08-12 20:53,10.00,M
AMA,2023-08-12 21:03,10.00,10000.00
AMA,2023-08-12 21:26,10.00,9500.00
AMA,2023-08-12 21:41,10.00,9500.00
AMA,2023-08-12 21:53,10.00,11000.00
AMA,2023-08-12 22:18,10.00,6000.00
AMA,2023-08-12 22:23,6.00,6000.00
AMA,2023-08-12 22:28,5.00,5000.00
AMA,2023-08-12 22:53,10.00,9500.00
AMA,2023-08-12 23:03,10.00,11000.00
AMA,2023-08-12 23:53,10.00,12000.00
AMA,2023-08-13 00:14,10.00,4600.00
AMA,2023-08-13 00:45,10.00,11000.00
AMA,2023-08-13 00:53,10.00,11000.00
AMA,2023-08-13 01:03,10.00,11000.00
AMA,2023-08-13 01:28,10.00,11000.00
AMA,2023-08-13 01:53,10.00,11000.00
AMA,2023-08-13 02:24,10.00,7000.00
AMA,2023-08-13 02:53,10.00,4400.00
AMA,2023-08-13 03:05,10.00,4200.00
AMA,2023-08-13 03:53,10.00,12000.00
AMA,2023-08-13 04:53,10.00,M
AMA,2023-08-13 05:53,10.00,M
AMA,2023-08-13 06:53,10.00,M
AMA,2023-08-13 07:53,10.00,M
AMA,2023-08-13 08:53,10.00,M
AMA,2023-08-13 09:53,10.00,M
AMA,2023-08-13 10:53,10.00,M
AMA,2023-08-13 11:53,10.00,M
AMA,2023-08-13 12:53,10.00,M
AMA,2023-08-13 13:53,10.00,M
AMA,2023-08-13 14:53,10.00,M
AMA,2023-08-13 15:53,10.00,M
AMA,2023-08-13 16:53,10.00,M
AMA,2023-08-13 17:53,10.00,M
AMA,2023-08-13 18:53,10.00,M
AMA,2023-08-13 19:53,10.00,M
AMA,2023-08-13 20:46,10.00,10000.00
AMA,2023-08-13 20:53,10.00,10000.00
AMA,2023-08-13 21:41,10.00,10000.00
AMA,2023-08-13 21:53,10.00,10000.00
AMA,2023-08-13 22:02,10.00,10000.00
AMA,2023-08-13 22:53,10.00,6000.00
AMA,2023-08-13 23:00,10.00,M
AMA,2023-08-13 23:08,10.00,M
AMA,2023-08-13 23:29,10.00,11000.00
AMA,2023-08-13 23:53,10.00,11000.00
AMA,2023-08-14 00:25,10.00,5500.00
AMA,2023-08-14 00:53,10.00,10000.00
AMA,2023-08-14 01:26,10.00,10000.00
AMA,2023-08-14 01:53,10.00,6500.00
AMA,2023-08-14 02:06,10.00,11000.00
AMA,2023-08-14 02:18,10.00,2800.00
AMA,2023-08-14 02:26,10.00,2800.00
AMA,2023-08-14 02:40,10.00,2600.00
AMA,2023-08-14 02:53,10.00,2600.00
AMA,2023-08-14 03:24,10.00,M
AMA,2023-08-14 03:39,10.00,M
AMA,2023-08-14 03:53,10.00,M
AMA,2023-08-14 04:53,10.00,M
AMA,2023-08-14 05:53,10.00,M
AMA,2023-08-14 06:51,10.00,1400.00
AMA,2023-08-14 06:53,10.00,1400.00
AMA,2023-08-14 07:53,10.00,1400.00
AMA,2023-08-14 08:03,10.00,1600.00
AMA,2023-08-14 08:38,10.00,1300.00
AMA,2023-08-14 08:53,10.00,1300.00
AMA,2023-08-14 09:07,10.00,1300.00
AMA,2023-08-14 09:53,10.00,11000.00
AMA,2023-08-14 10:53,10.00,10000.00
AMA,2023-08-14 11:53,10.00,4300.00
AMA,2023-08-14 12:53,10.00,4400.00
AMA,2023-08-14 13:53,10.00,6000.00
AMA,2023-08-14 14:53,10.00,M
AMA,2023-08-14 15:53,10.00,M
AMA,2023-08-14 16:53,10.00,6000.00
AMA,2023-08-14 17:53,10.00,6000.00
AMA,2023-08-14 18:53,10.00,6000.00
AMA,2023-08-14 19:53,10.00,8500.00
AMA,2023-08-14 20:53,10.00,M
AMA,2023-08-14 21:53,10.00,M
AMA,2023-08-14 22:53,10.00,M
AMA,2023-08-14 23:53,10.00,M
AMA,2023-08-15 00:53,10.00,M
AMA,2023-08-15 01:53,10.00,M
AMA,2023-08-15 02:53,10.00,M
AMA,2023-08-15 03:53,10.00,M
AMA,2023-08-15 04:53,10.00,M
AMA,2023-08-15 05:53,10.00,12000.00
AMA,2023-08-15 06:53,10.00,M
AMA,2023-08-15 07:53,10.00,M
AMA,2023-08-15 08:53,10.00,M
AMA,2023-08-15 09:53,10.00,M
AMA,2023-08-15 10:53,10.00,M
AMA,2023-08-15 11:53,10.00,M
AMA,2023-08-15 12:53,10.00,M
AMA,2023-08-15 13:53,10.00,M
AMA,2023-08-15 14:53,10.00,M
AMA,2023-08-15 15:53,10.00,M
AMA,2023-08-15 16:53,10.00,M
AMA,2023-08-15 17:53,10.00,M
AMA,2023-08-15 18:53,10.00,M
AMA,2023-08-15 19:53,10.00,M
AMA,2023-08-15 20:53,10.00,M
AMA,2023-08-15 21:53,10.00,M
AMA,2023-08-15 22:53,10.00,M
AMA,2023-08-15 23:53,10.00,M
AMA,2023-08-16 00:53,10.00,M
AMA,2023-08-16 01:53,10.00,M
AMA,2023-08-16 02:53,10.00,M
AMA,2023-08-16 03:53,10.00,M
AMA,2023-08-16 04:53,10.00,M
AMA,2023-08-16 05:53,10.00,M
AMA,2023-08-16 06:53,10.00,M
AMA,2023-08-16 07:53,10.00,M
AMA,2023-08-16 08:53,10.00,M
AMA,2023-08-16 09:53,10.00,M
AMA,2023-08-16 10:53,10.00,M
AMA,2023-08-16 11:53,10.00,10000.00
AMA,2023-08-16 12:53,10.00,11000.00
AMA,2023-08-16 13:53,10.00,M
AMA,2023-08-16 14:53,10.00,M
AMA,2023-08-16 15:53,10.00,M
AMA,2023-08-16 16:53,10.00,M
AMA,2023-08-16 17:53,10.00,M
AMA,2023-08-16 18:53,10.00,M
AMA,2023-08-16 19:53,10.00,M
AMA,2023-08-16 20:53,10.00,M
AMA,2023-08-16 21:53,10.00,M
AMA,2023-08-16 22:53,10.00,11000.00
AMA,2023-08-16 23:53,10.00,M
AMA,2023-08-17 00:08,10.00,M
AMA,2023-08-17 00:53,10.00,M
AMA,2023-08-17 01:53,10.00,M
AMA,2023-08-17 02:53,10.00,M
AMA,2023-08-17 03:53,10.00,M
AMA,2023-08-17 04:53,10.00,M
AMA,2023-08-17 05:53,10.00,M
AMA,2023-08-17 06:53,10.00,M
AMA,2023-08-17 07:53,10.00,M
AMA,2023-08-17 08:53,10.00,M
AMA,2023-08-17 09:53,10.00,M
AMA,2023-08-17 10:53,10.00,M
AMA,2023-08-17 11:53,10.00,M
AMA,2023-08-17 12:53,10.00,M
AMA,2023-08-17 13:53,10.00,M
AMA,2023-08-17 14:53,10.00,M
AMA,2023-08-17 15:53,10.00,M
AMA,2023-08-17 16:53,10.00,M
AMA,2023-08-17 17:53,10.00,M
AMA,2023-08-17 18:53,10.00,M
AMA,2023-08-17 19:53,10.00,M
AMA,2023-08-17 20:53,10.00,M
AMA,2023-08-17 21:53,10.00,M
AMA,2023-08-17 22:53,10.00,M
AMA,2023-08-17 23:53,10.00,M
AMA,2023-08-18 00:53,10.00,M
AMA,2023-08-18 01:53,10.00,M
AMA,2023-08-18 02:53,10.00,M
AMA,2023-08-18 03:53,10.00,M
AMA,2023-08-18 04:53,10.00,M
AMA,2023-08-18 05:53,10.00,M
AMA,2023-08-18 06:53,10.00,M
AMA,2023-08-18 07:53,10.00,M
AMA,2023-08-18 08:53,10.00,M
AMA,2023-08-18 09:53,10.00,M
AMA,2023-08-18 10:53,10.00,M
AMA,2023-08-18 11:53,10.00,M
AMA,2023-08-18 12:53,10.00,M
AMA,2023-08-18 13:53,10.00,M
AMA,2023-08-18 14:53,10.00,M
AMA,2023-08-18 15:53,10.00,M
AMA,2023-08-18 16:53,10.00,M
AMA,2023-08-18 17:53,10.00,M
AMA,2023-08-18 18:53,10.00,M
AMA,2023-08-18 19:53,10.00,M
AMA,2023-08-18 20:53,10.00,M
AMA,2023-08-18 21:53,10.00,M
AMA,2023-08-18 22:53,10.00,M
AMA,2023-08-18 23:53,10.00,M
AMA,2023-08-19 00:53,10.00,M
AMA,2023-08-19 01:53,10.00,M
AMA,2023-08-19 02:53,10.00,M
AMA,2023-08-19 03:53,10.00,M
AMA,2023-08-19 04:53,10.00,M
AMA,2023-08-19 05:53,10.00,M
AMA,2023-08-19 06:53,10.00,M
AMA,2023-08-19 07:53,10.00,M
AMA,2023-08-19 08:53,10.00,M
AMA,2023-08-19 09:53,10.00,M
AMA,2023-08-19 10:53,10.00,M
AMA,2023-08-19 11:53,10.00,M
AMA,2023-08-19 12:53,10.00,M
AMA,2023-08-19 13:53,10.00,M
AMA,2023-08-19 14:53,10.00,M
AMA,2023-08-19 15:53,10.00,M
AMA,2023-08-19 16:53,10.00,M
AMA,2023-08-19 17:53,10.00,M
AMA,2023-08-19 18:53,10.00,M
AMA,2023-08-19 19:53,10.00,M
AMA,2023-08-19 20:53,10.00,M
AMA,2023-08-19 21:53,10.00,M
AMA,2023-08-19 22:53,10.00,M
AMA,2023-08-19 23:53,10.00,M
AMA,2023-08-20 00:53,10.00,M
AMA,2023-08-20 01:53,10.00,M
AMA,2023-08-20 02:53,10.00,M
AMA,2023-08-20 03:53,10.00,M
AMA,2023-08-20 04:53,10.00,M
AMA,2023-08-20 05:53,10.00,M
AMA,2023-08-20 06:53,10.00,M
AMA,2023-08-20 07:53,10.00,M
AMA,2023-08-20 08:53,10.00,M
AMA,2023-08-20 09:53,10.00,M
AMA,2023-08-20 10:53,10.00,M
AMA,2023-08-20 11:53,10.00,M
AMA,2023-08-20 12:53,10.00,M
AMA,2023-08-20 13:53,10.00,M
AMA,2023-08-20 14:53,10.00,M
AMA,2023-08-20 15:53,10.00,M
AMA,2023-08-20 16:53,10.00,M
AMA,2023-08-20 17:53,10.00,M
AMA,2023-08-20 18:53,10.00,M
AMA,2023-08-20 19:53,10.00,M
AMA,2023-08-20 20:53,10.00,M
AMA,2023-08-20 21:53,10.00,M
AMA,2023-08-20 22:53,10.00,M
AMA,2023-08-20 23:53,10.00,M
AMA,2023-08-21 00:53,10.00,M
AMA,2023-08-21 01:53,10.00,M
AMA,2023-08-21 02:53,10.00,M
AMA,2023-08-21 03:53,10.00,M
AMA,2023-08-21 04:53,10.00,M
AMA,2023-08-21 05:53,10.00,M
AMA,2023-08-21 06:53,10.00,9500.00
AMA,2023-08-21 07:53,10.00,M
AMA,2023-08-21 08:53,10.00,M
AMA,2023-08-21 09:53,10.00,M
AMA,2023-08-21 10:53,10.00,M
AMA,2023-08-21 11:53,10.00,M
AMA,2023-08-21 12:53,10.00,M
AMA,2023-08-21 13:53,10.00,M
AMA,2023-08-21 14:53,10.00,M
AMA,2023-08-21 15:53,10.00,M
AMA,2023-08-21 16:53,10.00,M
AMA,2023-08-21 16:55,10.00,M
AMA,2023-08-21 17:53,10.00,M
AMA,2023-08-21 18:53,10.00,M
AMA,2023-08-21 19:53,10.00,M
AMA,2023-08-21 20:21,10.00,M
AMA,2023-08-21 20:53,10.00,10000.00
AMA,2023-08-21 21:53,10.00,M
AMA,2023-08-21 22:53,10.00,M
AMA,2023-08-21 23:53,10.00,M
AMA,2023-08-22 00:53,10.00,M
AMA,2023-08-22 01:53,10.00,M
AMA,2023-08-22 02:53,10.00,M
AMA,2023-08-22 03:53,10.00,M
AMA,2023-08-22 04:53,10.00,M
AMA,2023-08-22 05:53,10.00,M
AMA,2023-08-22 06:53,10.00,M
AMA,2023-08-22 07:53,10.00,M
AMA,2023-08-22 08:53,10.00,M
AMA,2023-08-22 09:53,10.00,M
AMA,2023-08-22 10:53,10.00,M
AMA,2023-08-22 11:53,10.00,M
AMA,2023-08-22 12:53,10.00,M
AMA,2023-08-22 13:53,10.00,M
AMA,2023-08-22 14:53,10.00,M
AMA,2023-08-22 15:53,10.00,M
AMA,2023-08-22 16:53,10.00,M
AMA,2023-08-22 17:53,10.00,M
AMA,2023-08-22 18:53,10.00,M
AMA,2023-08-22 19:53,10.00,M
AMA,2023-08-22 20:53,10.00,M
AMA,2023-08-22 21:53,10.00,10000.00
AMA,2023-08-22 22:53,10.00,9500.00
AMA,2023-08-22 23:53,10.00,M
AMA,2023-08-23 00:53,10.00,M
AMA,2023-08-23 01:53,10.00,M
AMA,2023-08-23 02:53,10.00,M
AMA,2023-08-23 03:53,10.00,M
AMA,2023-08-23 04:53,10.00,M
AMA,2023-08-23 05:53,10.00,M
AMA,2023-08-23 06:53,10.00,M
AMA,2023-08-23 07:53,10.00,M
AMA,2023-08-23 08:53,10.00,M
AMA,2023-08-23 09:53,10.00,M
AMA,2023-08-23 10:53,10.00,M
AMA,2023-08-23 11:53,10.00,M
AMA,2023-08-23 12:53,10.00,M
AMA,2023-08-23 13:53,10.00,M
AMA,2023-08-23 14:53,10.00,M
AMA,2023-08-23 15:53,10.00,M
AMA,2023-08-23 16:53,10.00,M
AMA,2023-08-23 17:53,10.00,M
AMA,2023-08-23 18:53,10.00,M
AMA,2023-08-23 19:53,10.00,M
AMA,2023-08-23 20:53,10.00,M
AMA,2023-08-23 21:53,10.00,M
AMA,2023-08-23 22:53,10.00,M
AMA,2023-08-23 23:53,10.00,M
AMA,2023-08-24 00:53,10.00,M
AMA,2023-08-24 01:53,10.00,M
AMA,2023-08-24 02:53,10.00,M
AMA,2023-08-24 03:53,10.00,M
AMA,2023-08-24 04:53,10.00,M
AMA,2023-08-24 05:53,10.00,M
AMA,2023-08-24 06:53,10.00,M
AMA,2023-08-24 07:53,10.00,M
AMA,2023-08-24 08:53,10.00,M
AMA,2023-08-24 09:53,10.00,M
AMA,2023-08-24 10:53,10.00,M
AMA,2023-08-24 11:53,10.00,M
AMA,2023-08-24 12:53,10.00,M
AMA,2023-08-24 13:53,10.00,M
AMA,2023-08-24 14:53,10.00,M
AMA,2023-08-24 15:53,10.00,M
AMA,2023-08-24 16:53,10.00,4800.00
AMA,2023-08-24 17:53,10.00,6000.00
AMA,2023-08-24 18:53,10.00,9000.00
AMA,2023-08-24 19:53,10.00,6500.00
AMA,2023-08-24 20:53,10.00,7000.00
AMA,2023-08-24 21:53,10.00,M
AMA,2023-08-24 22:53,10.00,M
AMA,2023-08-24 23:53,10.00,10000.00
AMA,2023-08-25 00:53,10.00,M
AMA,2023-08-25 01:53,10.00,M
AMA,2023-08-25 02:53,10.00,M
AMA,2023-08-25 03:53,10.00,M
AMA,2023-08-25 04:53,10.00,M
AMA,2023-08-25 05:53,10.00,M
AMA,2023-08-25 06:53,10.00,10000.00
AMA,2023-08-25 07:53,10.00,10000.00
AMA,2023-08-25 08:53,10.00,10000.00
AMA,2023-08-25 09:53,10.00,M
AMA,2023-08-25 10:53,10.00,M
AMA,2023-08-25 11:53,10.00,M
AMA,2023-08-25 12:53,10.00,M
AMA,2023-08-25 13:53,10.00,M
AMA,2023-08-25 14:53,10.00,M
AMA,2023-08-25 15:53,10.00,M
AMA,2023-08-25 16:53,10.00,M
AMA,2023-08-25 17:53,10.00,M
AMA,2023-08-25 18:53,10.00,M
AMA,2023-08-25 19:53,10.00,M
AMA,2023-08-25 20:53,10.00,9000.00
AMA,2023-08-25 21:53,10.00,M
AMA,2023-08-25 22:53,10.00,M
AMA,2023-08-25 23:53,10.00,M
AMA,2023-08-26 00:53,10.00,M
AMA,2023-08-26 01:53,10.00,M
AMA,2023-08-26 02:53,10.00,M
AMA,2023-08-26 03:53,10.00,M
AMA,2023-08-26 04:53,10.00,M
AMA,2023-08-26 05:53,10.00,M
AMA,2023-08-26 06:53,10.00,M
AMA,2023-08-26 07:53,10.00,M
AMA,2023-08-26 08:53,10.00,M
AMA,2023-08-26 09:53,10.00,M
AMA,2023-08-26 10:53,10.00,M
AMA,2023-08-26 11:53,10.00,M
AMA,2023-08-26 12:53,10.00,M
AMA,2023-08-26 13:53,10.00,1200.00
AMA,2023-08-26 14:53,10.00,M
AMA,2023-08-26 15:53,10.00,M
AMA,2023-08-26 16:53,10.00,M
AMA,2023-08-26 17:53,10.00,M
AMA,2023-08-26 18:53,10.00,M
AMA,2023-08-26 19:53,10.00,M
AMA,2023-08-26 20:53,10.00,M
AMA,2023-08-26 21:53,10.00,M
AMA,2023-08-26 22:53,10.00,M
AMA,2023-08-26 23:53,10.00,M
AMA,2023-08-27 00:53,10.00,M
AMA,2023-08-27 01:53,10.00,M
AMA,2023-08-27 02:53,10.00,M
AMA,2023-08-27 03:53,10.00,M
AMA,2023-08-27 04:53,10.00,M
AMA,2023-08-27 05:53,10.00,M
AMA,2023-08-27 06:53,10.00,11000.00
AMA,2023-08-27 07:53,10.00,12000.00
AMA,2023-08-27 08:53,10.00,11000.00
AMA,2023-08-27 09:53,10.00,10000.00
AMA,2023-08-27 10:53,10.00,11000.00
AMA,2023-08-27 11:53,10.00,11000.00
AMA,2023-08-27 12:53,10.00,10000.00
AMA,2023-08-27 13:53,10.00,M
AMA,2023-08-27 14:53,10.00,12000.00
AMA,2023-08-27 15:53,10.00,7500.00
AMA,2023-08-27 16:53,10.00,12000.00
AMA,2023-08-27 17:53,10.00,M
AMA,2023-08-27 18:53,10.00,M
AMA,2023-08-27 19:53,10.00,M
AMA,2023-08-27 20:53,10.00,6000.00
AMA,2023-08-27 21:53,10.00,6000.00
AMA,2023-08-27 22:53,10.00,7500.00
AMA,2023-08-27 23:53,10.00,M
AMA,2023-08-28 00:53,10.00,M
AMA,2023-08-28 01:53,10.00,M
AMA,2023-08-28 02:53,10.00,M
AMA,2023-08-28 03:53,10.00,M
AMA,2023-08-28 04:53,10.00,7500.00
AMA,2023-08-28 05:53,10.00,7500.00
AMA,2023-08-28 06:53,10.00,7000.00
AMA,2023-08-28 07:53,10.00,7000.00
AMA,2023-08-28 08:53,10.00,7000.00
AMA,2023-08-28 09:53,10.00,7000.00
AMA,2023-08-28 10:53,10.00,M
AMA,2023-08-28 11:53,10.00,M
AMA,2023-08-28 12:53,10.00,M
AMA,2023-08-28 13:53,10.00,M
AMA,2023-08-28 14:53,10.00,M
AMA,2023-08-28 15:53,10.00,M
AMA,2023-08-28 16:53,10.00,M
AMA,2023-08-28 17:53,10.00,M
AMA,2023-08-28 18:53,10.00,M
AMA,2023-08-28 19:53,10.00,M
AMA,2023-08-28 20:53,10.00,M
AMA,2023-08-28 21:53,10.00,M
AMA,2023-08-28 22:53,10.00,M
AMA,2023-08-28 23:53,10.00,M
AMA,2023-08-29 00:53,10.00,M
AMA,2023-08-29 01:53,10.00,M
AMA,2023-08-29 02:53,10.00,M
AMA,2023-08-29 03:53,10.00,M
AMA,2023-08-29 04:53,10.00,M
AMA,2023-08-29 05:53,10.00,M
AMA,2023-08-29 06:53,10.00,M
AMA,2023-08-29 07:53,10.00,M
AMA,2023-08-29 08:53,10.00,M
AMA,2023-08-29 09:53,10.00,M
AMA,2023-08-29 10:53,10.00,M
AMA,2023-08-29 11:53,10.00,M
AMA,2023-08-29 12:53,10.00,M
AMA,2023-08-29 13:53,10.00,10000.00
AMA,2023-08-29 14:53,10.00,M
AMA,2023-08-29 15:53,10.00,10000.00
AMA,2023-08-29 16:53,10.00,9500.00
AMA,2023-08-29 17:53,10.00,10000.00
AMA,2023-08-29 18:53,10.00,11000.00
AMA,2023-08-29 19:53,10.00,9000.00
AMA,2023-08-29 20:53,10.00,9500.00
AMA,2023-08-29 21:53,10.00,10000.00
AMA,2023-08-29 22:53,10.00,12000.00
AMA,2023-08-29 23:53,10.00,M
AMA,2023-08-30 00:53,10.00,M
AMA,2023-08-30 01:53,10.00,M
AMA,2023-08-30 02:53,10.00,M
AMA,2023-08-30 03:53,10.00,M
AMA,2023-08-30 04:53,9.00,M
AMA,2023-08-30 05:53,10.00,M
AMA,2023-08-30 06:53,10.00,M
AMA,2023-08-30 07:53,10.00,M
AMA,2023-08-30 08:53,10.00,M
AMA,2023-08-30 09:53,10.00,M
AMA,2023-08-30 10:53,10.00,M
AMA,2023-08-30 11:53,10.00,M
AMA,2023-08-30 12:53,10.00,M
AMA,2023-08-30 13:53,10.00,M
AMA,2023-08-30 14:53,10.00,M
AMA,2023-08-30 15:53,10.00,M
AMA,2023-08-30 16:53,10.00,M
AMA,2023-08-30 17:53,10.00,M
AMA,2023-08-30 18:53,10.00,M
AMA,2023-08-30 19:53,10.00,M
AMA,2023-08-30 20:53,10.00,M
AMA,2023-08-30 21:53,10.00,M
AMA,2023-08-30 22:53,10.00,M
AMA,2023-08-30 23:53,10.00,M